id,spacegroup,number_of_total_atoms,percent_atom_al,percent_atom_ga,percent_atom_in
1,33,80,0.625,0.375,0.0
2,194,80,0.625,0.375,0.0
3,227,40,0.8125,0.1875,0.0
4,167,30,0.75,0.0,0.25
5,194,80,0.0,0.625,0.375
6,227,40,0.5625,0.4375,0.0
7,206,80,0.03125,0.09375,0.875
8,12,20,0.5,0.0,0.5
9,206,80,0.53125,0.21875,0.25
10,194,80,0.40625,0.59375,0.0
11,167,60,0.5833333333333334,0.4166666666666667,0.0
12,194,80,0.59375,0.40625,0.0
13,33,40,0.8125,0.1875,0.0
14,206,80,0.125,0.875,0.0
15,194,80,0.375,0.125,0.5
16,12,80,0.4375,0.1875,0.375
17,194,80,0.90625,0.0625,0.03125
18,12,80,0.0,0.40625,0.59375
19,167,30,0.4166666666666667,0.3333333333333333,0.25
20,12,20,0.25,0.25,0.5
21,33,80,0.0,0.375,0.625
22,167,30,0.5833333333333334,0.4166666666666667,0.0
23,167,30,0.6666666666666666,0.0,0.3333333333333333
24,194,80,0.15625,0.5625,0.28125
25,167,30,0.75,0.16666666666666666,0.08333333333333333
26,33,40,0.875,0.0,0.125
27,227,40,0.4375,0.25,0.3125
28,227,40,0.875,0.125,0.0
29,12,80,0.09375,0.5,0.40625
30,206,80,0.8125,0.03125,0.15625
31,194,80,0.34375,0.3125,0.34375
32,227,40,0.0,0.25,0.75
33,33,40,0.5625,0.0,0.4375
34,12,80,0.59375,0.21875,0.1875
35,206,80,0.0,0.5625,0.4375
36,12,80,0.34375,0.40625,0.25
37,33,40,0.5,0.0,0.5
38,33,80,0.3125,0.0625,0.625
39,227,40,0.25,0.4375,0.3125
40,194,80,0.09375,0.46875,0.4375
41,12,80,0.28125,0.34375,0.375
42,33,80,0.8125,0.03125,0.15625
43,33,80,0.625,0.03125,0.34375
44,194,80,0.96875,0.03125,0.0
45,206,80,0.40625,0.34375,0.25
46,12,80,0.5,0.5,0.0
47,194,80,0.6875,0.21875,0.09375
48,33,80,0.625,0.15625,0.21875
49,227,40,0.0625,0.625,0.3125
50,194,80,0.84375,0.125,0.03125
51,167,30,0.4166666666666667,0.3333333333333333,0.25
52,194,80,0.5,0.5,0.0
53,206,80,0.0625,0.09375,0.84375
54,194,80,0.40625,0.125,0.46875
55,227,40,0.4375,0.5625,0.0
56,167,30,0.5,0.5,0.0
57,33,40,0.4375,0.0,0.5625
58,33,80,0.125,0.8125,0.0625
59,167,30,0.5,0.5,0.0
60,206,80,0.65625,0.34375,0.0
61,206,80,0.09375,0.6875,0.21875
62,33,80,0.65625,0.15625,0.1875
63,227,40,0.125,0.3125,0.5625
64,227,40,0.625,0.25,0.125
65,33,80,0.1875,0.8125,0.0
66,12,80,0.21875,0.53125,0.25
67,33,80,0.4375,0.125,0.4375
68,33,80,0.3125,0.28125,0.40625
69,194,80,0.4375,0.5625,0.0
70,227,40,0.6875,0.1875,0.125
71,227,40,0.5,0.375,0.125
72,33,80,0.625,0.28125,0.09375
73,33,80,0.125,0.21875,0.65625
74,167,30,0.6666666666666666,0.3333333333333333,0.0
75,206,80,0.46875,0.21875,0.3125
76,33,80,0.0625,0.75,0.1875
77,194,80,0.875,0.09375,0.03125
78,12,80,0.0,0.40625,0.59375
79,194,80,0.3125,0.65625,0.03125
80,12,80,0.3125,0.375,0.3125
81,33,80,0.5,0.15625,0.34375
82,12,20,0.375,0.625,0.0
83,194,80,0.21875,0.34375,0.4375
84,206,80,0.0,0.59375,0.40625
85,227,40,0.875,0.0,0.125
86,206,80,0.5625,0.4375,0.0
87,12,80,0.34375,0.34375,0.3125
88,167,30,0.4166666666666667,0.5833333333333334,0.0
89,227,40,0.5,0.5,0.0
90,194,80,0.28125,0.5,0.21875
91,33,80,0.375,0.4375,0.1875
92,167,30,0.0,0.08333333333333333,0.9166666666666666
93,227,40,0.4375,0.1875,0.375
94,194,80,0.71875,0.28125,0.0
95,206,80,0.46875,0.34375,0.1875
96,167,30,0.5833333333333334,0.3333333333333333,0.08333333333333333
97,206,80,0.0,0.0,1.0
98,12,20,0.375,0.625,0.0
99,33,40,0.0,0.0625,0.9375
100,206,80,0.46875,0.53125,0.0
101,206,80,0.03125,0.03125,0.9375
102,206,80,0.0,0.90625,0.09375
103,206,80,0.625,0.375,0.0
104,167,60,0.7083333333333334,0.041666666666666664,0.25
105,12,80,0.6875,0.3125,0.0
106,33,40,0.5,0.5,0.0
107,33,40,0.6875,0.3125,0.0
108,33,80,0.46875,0.03125,0.5
109,33,40,0.5625,0.0625,0.375
110,206,80,0.5,0.0,0.5
111,12,80,0.4375,0.25,0.3125
112,206,80,0.15625,0.0,0.84375
113,33,40,0.0625,0.9375,0.0
114,33,80,0.5625,0.1875,0.25
115,167,60,0.8333333333333334,0.125,0.041666666666666664
116,33,80,0.0,0.8125,0.1875
117,194,80,0.34375,0.3125,0.34375
118,227,40,0.5,0.25,0.25
119,12,80,0.40625,0.28125,0.3125
120,33,40,0.375,0.1875,0.4375
121,227,40,0.5,0.1875,0.3125
122,206,80,0.59375,0.0,0.40625
123,167,60,0.6666666666666666,0.16666666666666666,0.16666666666666666
124,167,30,0.16666666666666666,0.16666666666666666,0.6666666666666666
125,206,80,0.375,0.375,0.25
127,206,80,0.0,0.21875,0.78125
128,206,80,0.4375,0.0,0.5625
129,194,80,0.625,0.0,0.375
130,33,80,0.625,0.125,0.25
131,167,30,0.5,0.08333333333333333,0.4166666666666667
132,206,80,0.40625,0.09375,0.5
133,12,20,0.25,0.5,0.25
134,194,80,0.3125,0.21875,0.46875
135,167,30,0.25,0.3333333333333333,0.4166666666666667
136,206,80,0.5625,0.40625,0.03125
137,12,20,0.625,0.375,0.0
138,206,80,1.0,0.0,0.0
139,12,80,0.46875,0.3125,0.21875
140,227,40,0.8125,0.0,0.1875
141,167,60,0.5833333333333334,0.08333333333333333,0.3333333333333333
142,167,30,0.08333333333333333,0.25,0.6666666666666666
143,12,20,0.375,0.0,0.625
144,33,40,0.25,0.0,0.75
145,33,80,0.21875,0.21875,0.5625
146,206,80,0.0625,0.0625,0.875
147,206,80,0.5625,0.4375,0.0
148,167,30,0.4166666666666667,0.3333333333333333,0.25
149,206,80,0.3125,0.6875,0.0
150,206,80,0.0,0.28125,0.71875
151,12,20,0.5,0.0,0.5
152,33,80,0.40625,0.5,0.09375
153,227,40,0.3125,0.375,0.3125
154,167,30,0.8333333333333334,0.08333333333333333,0.08333333333333333
155,167,60,0.6666666666666666,0.08333333333333333,0.25
156,12,80,0.0,0.625,0.375
157,12,80,0.40625,0.34375,0.25
158,194,80,0.28125,0.34375,0.375
159,227,40,0.5625,0.25,0.1875
160,167,30,0.6666666666666666,0.3333333333333333,0.0
161,33,80,0.125,0.65625,0.21875
162,206,80,0.09375,0.125,0.78125
163,206,80,0.25,0.71875,0.03125
164,12,80,0.21875,0.78125,0.0
165,12,80,0.40625,0.25,0.34375
166,33,40,0.0,0.5,0.5
167,194,80,0.21875,0.59375,0.1875
168,227,40,0.6875,0.0,0.3125
169,167,30,0.4166666666666667,0.4166666666666667,0.16666666666666666
170,167,30,0.5,0.5,0.0
171,194,80,0.625,0.21875,0.15625
172,227,40,0.6875,0.25,0.0625
173,227,40,0.3125,0.0625,0.625
174,194,80,0.46875,0.03125,0.5
175,206,80,0.09375,0.0625,0.84375
176,167,30,0.6666666666666666,0.3333333333333333,0.0
177,206,80,0.8125,0.0,0.1875
178,206,80,0.0,0.5,0.5
179,194,80,0.46875,0.125,0.40625
180,167,30,0.4166666666666667,0.0,0.5833333333333334
181,227,40,0.4375,0.125,0.4375
182,12,80,0.34375,0.375,0.28125
183,33,80,0.40625,0.46875,0.125
184,12,20,0.25,0.75,0.0
185,194,80,0.46875,0.0,0.53125
186,206,80,0.0,0.3125,0.6875
187,167,30,0.08333333333333333,0.9166666666666666,0.0
188,206,80,0.40625,0.3125,0.28125
189,194,80,0.3125,0.1875,0.5
190,227,40,0.5625,0.125,0.3125
191,12,80,0.59375,0.40625,0.0
192,227,40,0.0,0.9375,0.0625
193,194,10,0.25,0.0,0.75
194,33,80,0.59375,0.375,0.03125
195,227,40,0.5625,0.125,0.3125
196,33,80,0.4375,0.03125,0.53125
197,33,80,0.4375,0.1875,0.375
198,206,80,0.5,0.25,0.25
199,206,80,0.5,0.3125,0.1875
200,206,80,0.0625,0.03125,0.90625
201,167,30,0.4166666666666667,0.3333333333333333,0.25
202,33,80,0.0625,0.21875,0.71875
203,206,80,0.0,0.09375,0.90625
204,194,80,0.03125,0.46875,0.5
205,33,80,0.40625,0.3125,0.28125
206,206,80,0.0,0.53125,0.46875
207,167,30,0.4166666666666667,0.5833333333333334,0.0
208,12,80,0.4375,0.25,0.3125
209,227,40,0.125,0.75,0.125
210,194,80,0.3125,0.4375,0.25
211,194,80,0.625,0.21875,0.15625
212,12,80,0.40625,0.3125,0.28125
213,12,80,0.0,0.46875,0.53125
214,227,40,0.1875,0.5,0.3125
215,194,80,0.6875,0.3125,0.0
216,206,80,0.34375,0.46875,0.1875
217,167,30,0.75,0.08333333333333333,0.16666666666666666
218,33,80,0.0625,0.8125,0.125
219,167,30,0.5,0.3333333333333333,0.16666666666666666
220,33,80,0.3125,0.3125,0.375
221,206,80,0.0,0.40625,0.59375
222,227,40,0.375,0.1875,0.4375
223,33,80,0.3125,0.28125,0.40625
224,206,80,0.875,0.0,0.125
225,33,80,0.1875,0.40625,0.40625
226,206,80,0.0,0.6875,0.3125
227,167,30,0.75,0.16666666666666666,0.08333333333333333
228,206,80,0.3125,0.375,0.3125
229,33,40,0.0,0.8125,0.1875
230,12,80,0.4375,0.28125,0.28125
231,227,40,0.375,0.375,0.25
232,227,40,0.375,0.5,0.125
233,206,80,0.4375,0.5625,0.0
234,33,80,0.75,0.09375,0.15625
235,194,80,0.1875,0.15625,0.65625
236,167,30,0.4166666666666667,0.08333333333333333,0.5
237,206,80,0.4375,0.1875,0.375
238,33,80,0.625,0.1875,0.1875
239,194,80,0.9375,0.0,0.0625
240,206,80,0.4375,0.28125,0.28125
241,227,40,0.0,0.75,0.25
242,167,30,0.0,0.0,1.0
243,12,20,0.75,0.0,0.25
244,167,30,0.25,0.75,0.0
245,12,20,0.25,0.0,0.75
246,12,80,0.34375,0.3125,0.34375
247,33,40,0.5625,0.0,0.4375
248,167,30,0.3333333333333333,0.6666666666666666,0.0
249,33,80,0.4375,0.1875,0.375
250,227,40,0.25,0.75,0.0
251,33,40,0.6875,0.3125,0.0
252,227,40,0.0625,0.625,0.3125
253,33,80,0.40625,0.15625,0.4375
254,12,20,0.625,0.375,0.0
255,194,80,0.3125,0.40625,0.28125
256,12,80,0.28125,0.25,0.46875
257,206,80,0.0,0.3125,0.6875
258,206,80,0.4375,0.0,0.5625
259,206,80,0.5,0.5,0.0
260,12,20,0.375,0.625,0.0
261,12,80,0.3125,0.4375,0.25
262,167,30,0.25,0.0,0.75
263,206,80,0.34375,0.65625,0.0
264,227,40,0.625,0.125,0.25
265,33,80,0.71875,0.21875,0.0625
266,227,40,0.8125,0.0,0.1875
267,12,80,0.40625,0.28125,0.3125
268,206,80,0.5,0.5,0.0
269,12,80,0.46875,0.25,0.28125
270,12,20,0.5,0.5,0.0
271,12,80,0.0,0.9375,0.0625
272,206,80,0.40625,0.21875,0.375
273,12,80,0.34375,0.3125,0.34375
274,227,40,0.8125,0.0,0.1875
275,206,80,0.3125,0.15625,0.53125
276,12,80,0.15625,0.34375,0.5
277,12,80,0.15625,0.8125,0.03125
278,33,80,0.125,0.21875,0.65625
279,194,80,0.65625,0.34375,0.0
280,227,40,0.5,0.375,0.125
281,194,80,0.6875,0.3125,0.0
282,33,80,0.5625,0.4375,0.0
283,206,80,0.46875,0.28125,0.25
284,167,30,0.4166666666666667,0.5833333333333334,0.0
285,206,80,0.40625,0.0,0.59375
286,227,40,0.125,0.5625,0.3125
287,167,30,0.3333333333333333,0.5,0.16666666666666666
288,227,40,0.5,0.1875,0.3125
289,227,40,0.0,0.875,0.125
290,194,80,0.59375,0.40625,0.0
291,194,80,0.125,0.46875,0.40625
292,206,80,0.0,0.5,0.5
293,194,80,0.0625,0.46875,0.46875
294,33,80,0.96875,0.03125,0.0
295,206,80,0.4375,0.34375,0.21875
296,227,40,0.0,0.1875,0.8125
297,206,80,0.0,0.59375,0.40625
298,227,40,0.625,0.0625,0.3125
299,227,40,0.625,0.25,0.125
300,206,80,0.03125,0.03125,0.9375
301,227,40,0.75,0.125,0.125
302,206,80,0.53125,0.46875,0.0
303,12,80,0.0,0.6875,0.3125
304,227,40,0.0,0.3125,0.6875
305,227,40,0.875,0.125,0.0
306,167,60,0.0,0.125,0.875
307,194,80,0.25,0.0625,0.6875
309,33,80,0.125,0.46875,0.40625
310,206,80,0.5,0.28125,0.21875
311,206,80,0.03125,0.03125,0.9375
312,12,80,0.125,0.625,0.25
313,33,80,0.71875,0.0625,0.21875
314,206,80,0.5625,0.4375,0.0
315,227,40,0.3125,0.6875,0.0
316,227,40,0.4375,0.25,0.3125
317,12,20,0.625,0.375,0.0
318,206,80,0.0625,0.0625,0.875
319,33,40,0.0,0.625,0.375
320,33,40,0.25,0.0,0.75
321,194,80,0.4375,0.40625,0.15625
322,227,40,0.6875,0.3125,0.0
323,33,80,0.65625,0.21875,0.125
324,206,80,0.34375,0.65625,0.0
325,12,80,0.3125,0.5625,0.125
326,33,80,0.9375,0.0,0.0625
327,227,40,0.5,0.375,0.125
328,12,80,0.25,0.5,0.25
329,206,80,0.28125,0.3125,0.40625
330,12,80,0.21875,0.46875,0.3125
331,33,80,0.25,0.75,0.0
332,206,80,0.0,0.40625,0.59375
333,194,80,0.3125,0.625,0.0625
334,33,80,0.125,0.0625,0.8125
335,227,40,0.0625,0.8125,0.125
336,194,80,0.4375,0.5625,0.0
337,194,80,0.40625,0.25,0.34375
338,194,80,0.375,0.21875,0.40625
339,194,80,0.4375,0.25,0.3125
340,227,40,0.8125,0.0,0.1875
341,206,80,0.0,0.5,0.5
342,167,30,0.4166666666666667,0.5833333333333334,0.0
343,12,20,0.75,0.25,0.0
344,206,80,0.28125,0.0,0.71875
345,33,80,0.5,0.21875,0.28125
346,12,80,0.40625,0.375,0.21875
347,12,80,0.375,0.3125,0.3125
348,12,80,0.3125,0.5,0.1875
349,206,80,0.34375,0.0625,0.59375
350,12,80,0.25,0.34375,0.40625
351,206,80,0.46875,0.53125,0.0
352,206,80,0.25,0.09375,0.65625
354,206,80,0.5,0.5,0.0
355,167,30,0.5833333333333334,0.0,0.4166666666666667
356,194,80,0.0,0.625,0.375
357,33,40,0.8125,0.0,0.1875
358,194,80,0.21875,0.5,0.28125
359,206,80,0.5625,0.4375,0.0
360,227,40,0.125,0.5625,0.3125
361,227,40,0.375,0.5,0.125
362,227,40,0.125,0.5625,0.3125
363,227,40,0.5625,0.4375,0.0
364,33,40,0.1875,0.8125,0.0
365,12,80,0.0,0.1875,0.8125
366,206,80,0.46875,0.40625,0.125
367,12,80,0.25,0.34375,0.40625
368,33,40,0.0,0.5625,0.4375
369,12,20,0.25,0.0,0.75
370,167,30,0.4166666666666667,0.5833333333333334,0.0
371,206,80,0.46875,0.1875,0.34375
372,33,80,0.1875,0.125,0.6875
373,33,40,0.0,1.0,0.0
374,33,40,0.25,0.75,0.0
375,206,80,0.5,0.3125,0.1875
376,33,80,0.34375,0.25,0.40625
377,206,80,0.40625,0.59375,0.0
378,194,80,0.8125,0.0,0.1875
379,194,80,0.0,0.65625,0.34375
380,206,80,0.8125,0.1875,0.0
381,33,40,0.375,0.625,0.0
382,194,80,0.4375,0.375,0.1875
383,194,80,0.9375,0.03125,0.03125
384,12,80,0.4375,0.125,0.4375
385,206,80,0.0,0.46875,0.53125
386,206,80,0.0,0.4375,0.5625
387,33,80,0.15625,0.34375,0.5
388,167,30,0.4166666666666667,0.5,0.08333333333333333
389,33,80,0.65625,0.125,0.21875
390,227,40,0.625,0.0,0.375
391,167,30,0.75,0.25,0.0
392,227,40,0.25,0.4375,0.3125
393,33,80,0.90625,0.09375,0.0
394,33,80,0.5625,0.0,0.4375
395,12,80,0.21875,0.0,0.78125
396,227,40,0.5625,0.375,0.0625
397,206,80,0.46875,0.3125,0.21875
398,194,80,0.5,0.5,0.0
399,227,40,0.5625,0.125,0.3125
400,167,30,0.5833333333333334,0.0,0.4166666666666667
401,227,40,0.125,0.75,0.125
402,167,30,0.9166666666666666,0.0,0.08333333333333333
403,206,80,0.5,0.5,0.0
404,194,80,0.75,0.0,0.25
405,227,40,0.875,0.0,0.125
406,33,80,0.15625,0.3125,0.53125
407,167,30,0.75,0.25,0.0
408,33,80,0.6875,0.125,0.1875
409,12,80,0.125,0.5,0.375
410,33,80,0.28125,0.0625,0.65625
411,33,80,0.25,0.25,0.5
412,12,80,0.1875,0.78125,0.03125
413,33,40,0.375,0.0,0.625
414,33,80,0.40625,0.125,0.46875
415,194,80,0.25,0.75,0.0
416,33,80,0.3125,0.0625,0.625
417,12,80,0.375,0.375,0.25
418,12,80,0.21875,0.5,0.28125
419,33,40,0.0625,0.0625,0.875
420,206,80,0.25,0.09375,0.65625
421,12,80,0.34375,0.28125,0.375
422,194,80,0.75,0.25,0.0
423,12,80,0.375,0.40625,0.21875
424,227,40,0.5625,0.125,0.3125
425,12,80,0.4375,0.28125,0.28125
426,206,80,0.0,0.5625,0.4375
427,227,40,0.1875,0.5,0.3125
428,12,80,0.28125,0.25,0.46875
429,206,80,0.03125,0.09375,0.875
430,167,30,0.5,0.5,0.0
431,33,80,0.90625,0.0625,0.03125
432,33,80,0.5625,0.28125,0.15625
433,227,40,0.5,0.125,0.375
434,206,80,0.0,0.34375,0.65625
435,167,60,0.3333333333333333,0.0,0.6666666666666666
436,194,80,0.4375,0.125,0.4375
437,33,80,0.0625,0.03125,0.90625
438,206,80,0.375,0.625,0.0
439,206,80,0.3125,0.3125,0.375
440,227,40,0.375,0.375,0.25
441,206,80,0.59375,0.21875,0.1875
442,33,40,0.0,0.5625,0.4375
443,206,80,0.0,0.40625,0.59375
444,33,80,0.5625,0.28125,0.15625
445,206,80,0.59375,0.40625,0.0
446,206,80,0.53125,0.0,0.46875
447,194,80,0.0,0.6875,0.3125
448,33,80,0.5,0.28125,0.21875
449,194,80,0.9375,0.0625,0.0
450,33,80,0.09375,0.65625,0.25
451,167,30,0.4166666666666667,0.0,0.5833333333333334
452,194,80,0.46875,0.1875,0.34375
453,206,80,0.1875,0.15625,0.65625
454,194,80,0.59375,0.40625,0.0
455,33,40,0.9375,0.0,0.0625
456,194,80,0.3125,0.34375,0.34375
457,167,60,0.6666666666666666,0.0,0.3333333333333333
458,167,30,0.3333333333333333,0.6666666666666666,0.0
459,227,40,0.375,0.25,0.375
460,33,80,0.1875,0.09375,0.71875
461,33,80,0.25,0.6875,0.0625
462,167,30,0.0,0.5,0.5
463,12,80,0.46875,0.28125,0.25
465,227,40,0.0,0.0625,0.9375
466,227,40,0.5625,0.125,0.3125
467,206,80,0.0,0.03125,0.96875
468,33,40,0.0,0.125,0.875
469,194,80,0.28125,0.15625,0.5625
470,206,80,0.40625,0.59375,0.0
471,12,80,0.0625,0.5,0.4375
472,206,80,0.59375,0.0,0.40625
473,206,80,0.46875,0.34375,0.1875
474,227,40,0.6875,0.0,0.3125
475,167,30,0.5,0.25,0.25
476,33,80,0.25,0.1875,0.5625
477,227,40,0.4375,0.375,0.1875
478,194,80,0.59375,0.40625,0.0
479,33,40,0.25,0.1875,0.5625
480,167,60,0.0,0.08333333333333333,0.9166666666666666
481,194,80,0.40625,0.59375,0.0
482,12,80,0.375,0.15625,0.46875
483,167,30,0.0,0.6666666666666666,0.3333333333333333
484,33,80,0.46875,0.46875,0.0625
485,206,80,0.375,0.28125,0.34375
486,227,40,0.4375,0.5625,0.0
487,12,80,0.25,0.375,0.375
488,206,80,0.0625,0.03125,0.90625
489,227,40,0.3125,0.625,0.0625
490,33,40,0.375,0.625,0.0
491,167,30,0.5833333333333334,0.0,0.4166666666666667
492,167,30,0.3333333333333333,0.6666666666666666,0.0
493,206,80,0.375,0.1875,0.4375
494,167,30,0.5,0.5,0.0
495,33,80,0.21875,0.15625,0.625
496,167,30,0.3333333333333333,0.4166666666666667,0.25
497,33,40,0.0,0.125,0.875
498,33,80,0.375,0.5,0.125
499,194,80,0.59375,0.0625,0.34375
500,12,80,0.46875,0.25,0.28125
501,206,80,0.46875,0.53125,0.0
502,227,40,0.0,0.125,0.875
503,167,30,0.5,0.5,0.0
504,167,30,0.75,0.25,0.0
505,12,80,0.0,0.84375,0.15625
506,33,80,0.03125,0.03125,0.9375
507,206,80,0.4375,0.40625,0.15625
508,167,30,0.5833333333333334,0.4166666666666667,0.0
509,33,80,0.59375,0.34375,0.0625
510,206,80,0.59375,0.40625,0.0
511,12,80,0.40625,0.3125,0.28125
512,167,30,0.4166666666666667,0.5833333333333334,0.0
513,227,40,0.8125,0.0,0.1875
514,194,80,0.3125,0.28125,0.40625
515,33,40,0.0,0.1875,0.8125
516,206,80,0.65625,0.09375,0.25
517,227,40,0.4375,0.125,0.4375
518,227,40,0.875,0.0,0.125
519,33,80,0.375,0.09375,0.53125
520,33,80,0.5,0.4375,0.0625
521,12,80,0.34375,0.34375,0.3125
522,194,80,0.375,0.4375,0.1875
523,227,40,0.75,0.0,0.25
524,12,80,0.375,0.1875,0.4375
525,206,80,0.4375,0.0,0.5625
526,167,60,0.0,0.5833333333333334,0.4166666666666667
527,227,40,0.1875,0.5625,0.25
528,167,30,0.5,0.5,0.0
529,206,80,0.28125,0.71875,0.0
530,167,30,0.9166666666666666,0.08333333333333333,0.0
532,167,30,0.3333333333333333,0.25,0.4166666666666667
533,12,80,0.21875,0.3125,0.46875
534,227,40,0.625,0.0625,0.3125
535,206,80,0.46875,0.28125,0.25
536,167,30,0.5,0.08333333333333333,0.4166666666666667
537,167,30,0.3333333333333333,0.08333333333333333,0.5833333333333334
538,12,20,0.75,0.25,0.0
539,227,40,0.6875,0.0,0.3125
540,206,80,0.375,0.625,0.0
541,227,40,0.5,0.3125,0.1875
542,33,80,0.09375,0.65625,0.25
543,227,40,0.8125,0.1875,0.0
544,206,80,0.46875,0.34375,0.1875
545,227,40,0.125,0.5625,0.3125
546,227,40,0.375,0.3125,0.3125
547,206,80,0.53125,0.46875,0.0
548,12,80,0.15625,0.15625,0.6875
549,167,30,0.5833333333333334,0.4166666666666667,0.0
550,33,80,0.40625,0.375,0.21875
551,194,80,0.21875,0.15625,0.625
552,33,40,0.1875,0.375,0.4375
553,12,80,0.03125,0.5,0.46875
554,227,40,0.375,0.0625,0.5625
555,33,80,0.1875,0.21875,0.59375
556,227,40,0.625,0.0625,0.3125
557,33,40,0.125,0.0,0.875
558,206,80,0.09375,0.0,0.90625
559,227,40,0.625,0.375,0.0
560,227,40,0.875,0.0,0.125
561,167,30,0.4166666666666667,0.5833333333333334,0.0
562,194,80,0.75,0.03125,0.21875
563,194,80,0.3125,0.6875,0.0
564,12,80,0.375,0.28125,0.34375
565,206,80,0.53125,0.25,0.21875
566,194,80,0.34375,0.65625,0.0
567,167,30,0.6666666666666666,0.0,0.3333333333333333
568,12,80,0.40625,0.0,0.59375
569,206,80,0.125,0.15625,0.71875
570,12,80,0.0,0.40625,0.59375
571,227,40,0.1875,0.5,0.3125
572,167,30,0.0,0.4166666666666667,0.5833333333333334
573,33,40,0.8125,0.0,0.1875
574,167,30,0.6666666666666666,0.08333333333333333,0.25
575,12,80,0.40625,0.4375,0.15625
576,33,80,0.0,0.25,0.75
577,194,80,0.125,0.46875,0.40625
578,12,20,0.125,0.875,0.0
579,12,20,0.375,0.625,0.0
580,206,80,0.0,0.78125,0.21875
581,33,80,0.6875,0.25,0.0625
582,227,40,0.6875,0.0,0.3125
583,206,80,0.375,0.3125,0.3125
584,12,80,0.09375,0.5,0.40625
585,12,20,0.375,0.625,0.0
586,206,80,0.03125,0.03125,0.9375
587,12,80,0.4375,0.25,0.3125
588,227,40,0.5,0.3125,0.1875
589,227,40,0.3125,0.375,0.3125
590,167,30,0.5833333333333334,0.3333333333333333,0.08333333333333333
591,194,80,0.15625,0.125,0.71875
592,12,80,0.28125,0.28125,0.4375
593,12,80,0.09375,0.625,0.28125
594,194,80,0.4375,0.4375,0.125
595,33,40,0.1875,0.0,0.8125
596,167,30,0.3333333333333333,0.6666666666666666,0.0
597,227,40,0.625,0.1875,0.1875
598,12,80,0.09375,0.28125,0.625
599,194,80,0.21875,0.78125,0.0
600,227,40,0.4375,0.5625,0.0
601,206,80,0.03125,0.09375,0.875
602,206,80,0.15625,0.0,0.84375
603,227,40,0.875,0.125,0.0
604,12,80,0.34375,0.25,0.40625
605,167,30,0.4166666666666667,0.5833333333333334,0.0
606,194,80,0.25,0.46875,0.28125
607,206,80,0.46875,0.53125,0.0
608,227,40,0.625,0.0,0.375
609,167,60,0.0,0.5,0.5
610,206,80,0.4375,0.25,0.3125
611,194,80,0.625,0.375,0.0
612,194,80,0.40625,0.21875,0.375
613,12,20,0.125,0.625,0.25
614,12,80,0.40625,0.28125,0.3125
615,206,80,0.0,0.375,0.625
616,227,40,0.875,0.0,0.125
617,33,80,0.25,0.1875,0.5625
618,167,30,0.4166666666666667,0.5833333333333334,0.0
619,167,30,0.75,0.08333333333333333,0.16666666666666666
620,227,40,0.5,0.1875,0.3125
621,12,80,0.3125,0.34375,0.34375
622,206,80,0.65625,0.0,0.34375
623,206,80,0.0,0.625,0.375
624,12,80,0.4375,0.40625,0.15625
625,206,80,0.40625,0.59375,0.0
626,12,80,0.5,0.0,0.5
627,33,80,0.25,0.1875,0.5625
628,12,80,0.875,0.125,0.0
629,206,80,0.8125,0.15625,0.03125
630,227,40,0.3125,0.375,0.3125
631,167,30,0.8333333333333334,0.0,0.16666666666666666
632,167,30,0.25,0.16666666666666666,0.5833333333333334
633,12,80,0.25,0.4375,0.3125
634,227,40,0.125,0.5625,0.3125
635,206,80,0.5625,0.34375,0.09375
636,33,80,0.9375,0.03125,0.03125
637,194,80,0.0,0.59375,0.40625
638,227,40,0.4375,0.4375,0.125
639,194,80,0.46875,0.25,0.28125
640,194,80,0.0,0.53125,0.46875
641,206,80,0.09375,0.125,0.78125
642,194,80,0.03125,0.71875,0.25
643,12,80,0.0,0.28125,0.71875
644,194,80,0.125,0.59375,0.28125
645,206,80,0.28125,0.3125,0.40625
646,227,40,0.375,0.1875,0.4375
647,194,80,0.46875,0.25,0.28125
648,33,80,0.6875,0.28125,0.03125
649,206,80,0.34375,0.375,0.28125
650,167,30,0.6666666666666666,0.3333333333333333,0.0
651,33,80,0.9375,0.03125,0.03125
652,33,80,0.46875,0.125,0.40625
653,12,80,0.125,0.84375,0.03125
654,206,80,0.40625,0.21875,0.375
655,227,40,0.0625,0.625,0.3125
656,33,80,0.625,0.0625,0.3125
657,167,30,0.16666666666666666,0.3333333333333333,0.5
658,206,80,0.5625,0.1875,0.25
659,12,80,0.375,0.25,0.375
660,206,80,0.125,0.15625,0.71875
661,194,10,0.25,0.5,0.25
662,12,80,0.5,0.4375,0.0625
663,12,80,0.1875,0.78125,0.03125
664,206,80,0.5625,0.0,0.4375
665,33,80,0.625,0.28125,0.09375
666,194,80,0.0,0.5625,0.4375
667,194,80,0.375,0.625,0.0
668,206,80,0.75,0.0,0.25
669,206,80,0.375,0.625,0.0
670,206,80,0.40625,0.59375,0.0
671,227,40,0.9375,0.0625,0.0
672,12,80,0.0,0.40625,0.59375
673,167,30,0.5833333333333334,0.16666666666666666,0.25
674,33,80,0.09375,0.03125,0.875
675,194,80,0.28125,0.34375,0.375
676,12,20,0.625,0.375,0.0
677,227,40,0.8125,0.0,0.1875
678,167,30,0.5,0.5,0.0
679,167,30,0.8333333333333334,0.08333333333333333,0.08333333333333333
680,194,80,0.625,0.34375,0.03125
681,167,30,0.4166666666666667,0.25,0.3333333333333333
682,227,40,0.25,0.75,0.0
683,194,80,0.0625,0.4375,0.5
684,194,80,0.40625,0.15625,0.4375
685,12,20,0.375,0.625,0.0
686,12,20,0.0,0.375,0.625
687,12,80,0.3125,0.28125,0.40625
688,12,80,0.375,0.25,0.375
689,194,80,0.3125,0.0625,0.625
690,33,80,0.65625,0.3125,0.03125
691,33,80,0.6875,0.3125,0.0
692,206,80,0.53125,0.25,0.21875
693,227,40,0.8125,0.0625,0.125
694,167,30,0.9166666666666666,0.08333333333333333,0.0
695,206,80,0.0625,0.03125,0.90625
696,12,20,0.375,0.0,0.625
697,194,80,0.0,0.84375,0.15625
698,194,80,0.40625,0.0,0.59375
699,33,80,0.71875,0.25,0.03125
700,206,80,0.09375,0.0,0.90625
701,227,40,0.0625,0.1875,0.75
702,206,80,0.75,0.25,0.0
703,33,40,0.125,0.0625,0.8125
704,227,40,0.0,0.25,0.75
705,33,80,0.71875,0.125,0.15625
706,194,80,0.0,0.3125,0.6875
707,206,80,0.375,0.46875,0.15625
708,206,80,0.0,0.46875,0.53125
709,227,40,0.0625,0.625,0.3125
710,33,40,0.0,0.5,0.5
711,206,80,0.09375,0.0625,0.84375
712,206,80,0.6875,0.09375,0.21875
713,194,80,0.34375,0.34375,0.3125
714,227,40,0.0,0.3125,0.6875
715,12,80,0.0,0.5,0.5
716,12,80,0.0,0.09375,0.90625
717,33,80,0.9375,0.0625,0.0
718,33,40,0.25,0.3125,0.4375
719,194,80,0.5,0.0,0.5
720,227,40,0.9375,0.0625,0.0
721,33,80,0.53125,0.03125,0.4375
722,227,40,0.5625,0.125,0.3125
723,194,80,0.21875,0.75,0.03125
724,167,30,0.5,0.0,0.5
725,227,40,0.625,0.0625,0.3125
726,167,30,0.08333333333333333,0.9166666666666666,0.0
727,206,80,0.59375,0.40625,0.0
728,167,60,0.0,0.625,0.375
729,33,80,0.5625,0.25,0.1875
730,227,40,0.5625,0.4375,0.0
731,194,80,0.53125,0.125,0.34375
732,33,80,0.46875,0.34375,0.1875
733,12,20,0.25,0.5,0.25
734,227,40,0.75,0.0,0.25
735,12,80,0.09375,0.625,0.28125
736,194,80,0.0,0.5625,0.4375
737,227,40,0.125,0.875,0.0
738,194,80,0.5625,0.125,0.3125
739,12,20,0.5,0.0,0.5
740,12,80,0.21875,0.78125,0.0
741,227,40,0.5,0.3125,0.1875
742,12,80,0.25,0.75,0.0
743,227,40,0.0625,0.625,0.3125
744,167,30,0.75,0.25,0.0
745,194,80,0.3125,0.28125,0.40625
746,33,80,0.59375,0.1875,0.21875
747,227,40,0.0,0.125,0.875
748,33,80,0.15625,0.5625,0.28125
749,12,80,0.21875,0.4375,0.34375
750,167,30,0.0,0.75,0.25
751,194,80,0.28125,0.15625,0.5625
752,206,80,0.0,0.25,0.75
753,206,80,0.53125,0.28125,0.1875
754,12,80,0.34375,0.40625,0.25
755,194,80,0.53125,0.40625,0.0625
756,33,80,0.28125,0.3125,0.40625
757,206,80,0.03125,0.0625,0.90625
758,33,80,0.15625,0.46875,0.375
759,33,80,0.15625,0.53125,0.3125
760,33,80,0.625,0.34375,0.03125
761,206,80,0.53125,0.0,0.46875
762,194,80,0.28125,0.03125,0.6875
763,194,80,0.09375,0.46875,0.4375
764,227,40,0.0,0.0625,0.9375
765,167,30,0.5833333333333334,0.4166666666666667,0.0
766,167,30,0.0,0.6666666666666666,0.3333333333333333
767,12,80,0.0,0.59375,0.40625
768,206,80,0.53125,0.0,0.46875
769,167,30,0.0,0.4166666666666667,0.5833333333333334
770,12,80,0.0,0.6875,0.3125
771,12,80,0.46875,0.375,0.15625
772,33,80,0.21875,0.625,0.15625
773,167,60,0.75,0.0,0.25
774,194,80,0.84375,0.09375,0.0625
775,227,40,0.3125,0.1875,0.5
776,167,30,0.4166666666666667,0.08333333333333333,0.5
777,12,80,0.0,0.5625,0.4375
778,194,80,0.65625,0.21875,0.125
779,206,80,0.21875,0.40625,0.375
780,12,80,0.25,0.28125,0.46875
781,194,80,0.96875,0.03125,0.0
782,206,80,0.28125,0.0,0.71875
783,206,80,0.5,0.5,0.0
784,167,30,0.3333333333333333,0.6666666666666666,0.0
785,206,80,0.9375,0.0,0.0625
786,206,80,0.28125,0.125,0.59375
787,33,40,0.3125,0.6875,0.0
788,206,80,0.625,0.0625,0.3125
789,227,40,0.0,0.1875,0.8125
790,227,40,0.0,0.3125,0.6875
791,33,80,0.5,0.15625,0.34375
792,12,20,0.25,0.75,0.0
793,12,80,0.40625,0.1875,0.40625
794,227,40,0.25,0.4375,0.3125
795,167,30,0.0,0.5833333333333334,0.4166666666666667
796,227,40,0.625,0.0625,0.3125
797,167,30,0.5,0.5,0.0
798,206,80,0.03125,0.96875,0.0
799,33,80,0.4375,0.09375,0.46875
800,206,80,0.59375,0.40625,0.0
801,12,80,0.21875,0.4375,0.34375
802,206,80,0.3125,0.25,0.4375
803,33,80,0.03125,0.125,0.84375
804,206,80,0.09375,0.90625,0.0
805,167,30,0.5833333333333334,0.08333333333333333,0.3333333333333333
806,227,40,0.5,0.25,0.25
807,206,80,0.53125,0.3125,0.15625
808,33,80,0.5,0.15625,0.34375
809,194,80,0.28125,0.15625,0.5625
810,167,30,0.3333333333333333,0.6666666666666666,0.0
811,194,80,0.15625,0.125,0.71875
812,206,80,0.46875,0.53125,0.0
813,194,80,0.25,0.34375,0.40625
814,12,20,0.25,0.75,0.0
815,194,80,0.96875,0.03125,0.0
816,206,80,0.0,0.5625,0.4375
817,227,40,0.75,0.0,0.25
818,206,80,0.0,1.0,0.0
819,167,60,0.0,0.5,0.5
820,167,30,0.75,0.16666666666666666,0.08333333333333333
821,12,80,0.40625,0.25,0.34375
822,206,80,0.0,0.25,0.75
823,206,80,0.375,0.53125,0.09375
824,12,80,0.34375,0.4375,0.21875
825,167,30,0.5,0.0,0.5
826,12,80,0.03125,0.78125,0.1875
827,194,80,0.875,0.125,0.0
828,194,80,0.03125,0.46875,0.5
829,167,30,0.0,0.75,0.25
830,206,80,0.1875,0.0,0.8125
831,227,40,0.625,0.0,0.375
832,167,30,0.75,0.08333333333333333,0.16666666666666666
833,194,80,0.375,0.375,0.25
834,227,40,0.8125,0.1875,0.0
835,12,80,0.25,0.5,0.25
836,227,40,0.6875,0.1875,0.125
837,167,30,0.0,0.5833333333333334,0.4166666666666667
838,33,40,0.0,0.625,0.375
839,227,40,0.8125,0.0,0.1875
840,194,80,0.0,0.84375,0.15625
841,206,80,0.71875,0.0625,0.21875
842,227,40,0.6875,0.3125,0.0
843,206,80,0.0,0.5,0.5
844,33,80,0.25,0.3125,0.4375
845,167,30,0.5,0.5,0.0
846,227,40,0.625,0.0,0.375
847,33,80,0.8125,0.0,0.1875
848,33,40,0.0,0.4375,0.5625
849,206,80,0.0,0.5625,0.4375
850,12,80,0.375,0.21875,0.40625
851,12,80,0.0,0.71875,0.28125
852,194,80,0.875,0.03125,0.09375
853,12,80,0.34375,0.40625,0.25
854,194,80,0.78125,0.15625,0.0625
855,167,30,0.25,0.0,0.75
856,33,40,0.75,0.25,0.0
857,33,80,0.28125,0.125,0.59375
858,206,80,0.21875,0.03125,0.75
859,33,80,0.0625,0.1875,0.75
860,206,80,0.03125,0.03125,0.9375
861,33,80,0.6875,0.125,0.1875
862,33,40,0.8125,0.0,0.1875
863,194,80,0.21875,0.25,0.53125
864,206,80,0.46875,0.34375,0.1875
865,33,80,0.15625,0.09375,0.75
866,12,80,0.0625,0.5,0.4375
867,12,80,0.59375,0.40625,0.0
868,33,80,0.5,0.5,0.0
869,206,80,0.03125,0.0625,0.90625
870,167,30,0.4166666666666667,0.4166666666666667,0.16666666666666666
871,194,80,0.25,0.3125,0.4375
872,227,40,0.8125,0.0,0.1875
873,33,80,0.40625,0.28125,0.3125
874,167,60,0.0,0.25,0.75
875,12,80,0.3125,0.46875,0.21875
876,33,80,0.125,0.0625,0.8125
877,33,40,0.6875,0.0,0.3125
878,12,80,0.34375,0.3125,0.34375
879,194,80,0.0,0.375,0.625
880,12,80,0.0,0.96875,0.03125
881,206,80,0.90625,0.09375,0.0
882,33,80,0.625,0.09375,0.28125
883,227,40,0.0,0.8125,0.1875
884,12,80,0.25,0.0625,0.6875
885,12,80,0.5,0.5,0.0
886,33,80,0.8125,0.125,0.0625
887,167,60,0.9166666666666666,0.08333333333333333,0.0
888,206,80,0.0,0.34375,0.65625
889,12,80,0.46875,0.21875,0.3125
890,12,80,0.0625,0.6875,0.25
891,33,40,0.875,0.0,0.125
892,227,40,0.5,0.375,0.125
893,227,40,0.5,0.1875,0.3125
894,12,80,0.65625,0.15625,0.1875
895,227,40,0.3125,0.4375,0.25
896,227,40,0.0,0.125,0.875
897,33,80,0.65625,0.03125,0.3125
898,206,80,0.0,0.84375,0.15625
899,167,60,0.5,0.5,0.0
900,167,30,0.6666666666666666,0.3333333333333333,0.0
901,227,40,0.4375,0.5625,0.0
902,227,40,0.1875,0.5,0.3125
903,206,80,0.0,0.3125,0.6875
904,194,80,0.4375,0.1875,0.375
905,167,30,0.5833333333333334,0.08333333333333333,0.3333333333333333
906,33,80,0.34375,0.03125,0.625
907,33,40,0.75,0.0,0.25
908,167,30,0.4166666666666667,0.5833333333333334,0.0
909,227,40,0.4375,0.125,0.4375
910,167,30,0.0,0.3333333333333333,0.6666666666666666
911,167,30,0.25,0.75,0.0
912,33,80,0.03125,0.125,0.84375
913,33,80,0.3125,0.3125,0.375
914,227,40,0.875,0.125,0.0
915,194,80,0.28125,0.5,0.21875
916,206,80,0.625,0.0,0.375
917,167,30,0.16666666666666666,0.6666666666666666,0.16666666666666666
918,12,80,0.0625,0.8125,0.125
919,167,30,0.75,0.08333333333333333,0.16666666666666666
920,33,80,0.40625,0.21875,0.375
921,227,40,0.1875,0.5,0.3125
922,194,80,0.21875,0.0625,0.71875
923,227,40,0.0,0.1875,0.8125
924,194,80,0.4375,0.34375,0.21875
925,194,80,0.0,0.125,0.875
926,206,80,0.09375,0.0,0.90625
927,206,80,0.34375,0.4375,0.21875
928,167,30,0.16666666666666666,0.16666666666666666,0.6666666666666666
929,227,40,0.1875,0.1875,0.625
930,12,20,0.375,0.125,0.5
931,33,80,0.3125,0.53125,0.15625
932,12,20,0.25,0.5,0.25
933,167,30,0.0,0.5833333333333334,0.4166666666666667
934,12,80,0.9375,0.0625,0.0
935,33,80,0.375,0.0,0.625
936,227,40,0.375,0.3125,0.3125
937,227,40,0.1875,0.6875,0.125
938,227,40,0.125,0.5625,0.3125
939,167,30,0.6666666666666666,0.3333333333333333,0.0
940,33,80,0.75,0.0,0.25
941,33,80,0.15625,0.625,0.21875
942,12,80,0.4375,0.1875,0.375
943,12,80,0.8125,0.1875,0.0
944,194,80,0.46875,0.25,0.28125
945,33,80,0.125,0.1875,0.6875
946,206,80,0.15625,0.65625,0.1875
947,227,40,0.6875,0.1875,0.125
948,206,80,0.4375,0.40625,0.15625
949,33,40,0.0,0.3125,0.6875
950,206,80,0.6875,0.0,0.3125
951,167,30,0.08333333333333333,0.0,0.9166666666666666
952,33,80,0.0625,0.0625,0.875
953,194,80,0.375,0.34375,0.28125
954,12,80,0.4375,0.28125,0.28125
955,167,30,0.5833333333333334,0.4166666666666667,0.0
956,33,40,0.5625,0.4375,0.0
957,167,30,0.3333333333333333,0.6666666666666666,0.0
958,194,80,0.5625,0.21875,0.21875
959,227,40,0.3125,0.375,0.3125
960,33,40,0.0,0.75,0.25
961,167,30,0.0,0.16666666666666666,0.8333333333333334
962,206,80,0.125,0.3125,0.5625
963,227,40,0.375,0.5,0.125
964,206,80,0.65625,0.34375,0.0
965,33,80,0.0,0.9375,0.0625
966,12,80,0.46875,0.53125,0.0
967,33,80,0.0625,0.03125,0.90625
968,12,80,0.1875,0.5,0.3125
969,33,80,0.0625,0.53125,0.40625
970,227,40,0.8125,0.1875,0.0
971,206,80,0.625,0.375,0.0
972,12,20,0.0,0.125,0.875
973,206,80,0.46875,0.34375,0.1875
974,206,80,0.09375,0.0625,0.84375
975,194,80,0.0,0.5,0.5
976,206,80,0.625,0.375,0.0
977,167,30,0.6666666666666666,0.0,0.3333333333333333
978,206,80,0.0,0.34375,0.65625
979,33,80,0.09375,0.75,0.15625
980,227,40,0.4375,0.25,0.3125
981,12,80,0.34375,0.40625,0.25
982,206,80,0.0,0.40625,0.59375
983,33,80,0.78125,0.03125,0.1875
984,33,80,0.53125,0.375,0.09375
985,194,10,0.0,1.0,0.0
986,194,80,0.8125,0.15625,0.03125
987,12,80,0.8125,0.1875,0.0
988,206,80,0.28125,0.71875,0.0
989,167,30,0.5,0.3333333333333333,0.16666666666666666
990,12,20,0.875,0.0,0.125
991,206,80,0.4375,0.1875,0.375
992,206,80,0.1875,0.09375,0.71875
993,167,30,0.5833333333333334,0.08333333333333333,0.3333333333333333
994,12,80,0.25,0.5,0.25
995,33,80,0.3125,0.53125,0.15625
996,167,30,0.8333333333333334,0.08333333333333333,0.08333333333333333
997,33,40,0.5625,0.0,0.4375
998,206,80,0.0,0.25,0.75
999,206,80,0.3125,0.0,0.6875
1000,206,80,0.125,0.0,0.875
1001,194,80,0.65625,0.34375,0.0
1002,194,80,0.21875,0.25,0.53125
1003,206,80,0.5625,0.4375,0.0
1004,167,30,0.6666666666666666,0.0,0.3333333333333333
1005,167,30,0.3333333333333333,0.6666666666666666,0.0
1006,33,80,0.78125,0.15625,0.0625
1007,167,60,0.0,0.4166666666666667,0.5833333333333334
1008,167,30,0.75,0.25,0.0
1009,12,20,0.625,0.375,0.0
1010,33,80,0.59375,0.15625,0.25
1011,12,80,0.25,0.28125,0.46875
1012,227,40,0.4375,0.25,0.3125
1013,206,80,0.28125,0.71875,0.0
1014,206,80,0.3125,0.0625,0.625
1015,206,80,0.03125,0.03125,0.9375
1016,194,80,0.28125,0.3125,0.40625
1017,206,80,0.5625,0.4375,0.0
1018,206,80,0.03125,0.46875,0.5
1019,194,80,0.9375,0.0625,0.0
1020,194,80,0.28125,0.03125,0.6875
1021,206,80,0.625,0.375,0.0
1022,206,80,0.03125,0.0625,0.90625
1023,206,80,0.6875,0.3125,0.0
1024,167,30,0.5,0.16666666666666666,0.3333333333333333
1025,206,80,0.0,0.09375,0.90625
1026,206,80,0.40625,0.0,0.59375
1027,206,80,0.03125,0.03125,0.9375
1028,167,30,0.8333333333333334,0.08333333333333333,0.08333333333333333
1029,167,30,0.4166666666666667,0.3333333333333333,0.25
1030,206,80,0.71875,0.0,0.28125
1031,227,40,0.4375,0.1875,0.375
1032,167,30,0.0,0.8333333333333334,0.16666666666666666
1033,206,80,0.5625,0.21875,0.21875
1034,227,40,0.5625,0.125,0.3125
1035,206,80,0.1875,0.0,0.8125
1036,167,60,0.0,0.875,0.125
1037,167,30,0.5,0.5,0.0
1038,33,80,0.21875,0.125,0.65625
1039,167,30,0.0,1.0,0.0
1040,206,80,0.125,0.0,0.875
1041,12,80,0.5,0.21875,0.28125
1042,33,80,0.59375,0.21875,0.1875
1043,167,30,0.4166666666666667,0.5833333333333334,0.0
1044,194,80,0.0,0.6875,0.3125
1045,33,40,0.0,0.125,0.875
1046,33,80,0.4375,0.5625,0.0
1047,167,30,0.25,0.08333333333333333,0.6666666666666666
1048,206,80,0.0,0.5625,0.4375
1049,194,80,0.40625,0.25,0.34375
1050,206,80,0.4375,0.1875,0.375
1051,167,30,0.4166666666666667,0.16666666666666666,0.4166666666666667
1052,194,80,0.1875,0.15625,0.65625
1053,194,80,0.34375,0.3125,0.34375
1054,12,80,0.03125,0.5,0.46875
1055,12,20,0.0,0.0,1.0
1056,206,80,0.125,0.15625,0.71875
1057,33,80,0.5625,0.3125,0.125
1058,206,80,0.46875,0.46875,0.0625
1059,33,80,0.5,0.28125,0.21875
1060,12,80,0.46875,0.28125,0.25
1061,206,80,0.46875,0.28125,0.25
1062,12,80,0.03125,0.3125,0.65625
1063,194,80,0.75,0.125,0.125
1064,227,40,0.5,0.1875,0.3125
1065,167,30,0.75,0.08333333333333333,0.16666666666666666
1066,167,30,0.25,0.75,0.0
1067,194,80,0.0,0.71875,0.28125
1068,194,80,0.1875,0.71875,0.09375
1069,12,80,0.3125,0.5,0.1875
1070,194,80,0.21875,0.5,0.28125
1071,12,80,0.40625,0.59375,0.0
1072,12,80,0.375,0.21875,0.40625
1073,206,80,0.0,0.03125,0.96875
1074,33,80,0.46875,0.34375,0.1875
1075,206,80,0.3125,0.09375,0.59375
1076,227,40,0.3125,0.125,0.5625
1077,206,80,0.0625,0.9375,0.0
1078,206,80,0.5625,0.125,0.3125
1079,33,80,0.625,0.1875,0.1875
1080,206,80,0.25,0.0,0.75
1081,167,30,0.4166666666666667,0.16666666666666666,0.4166666666666667
1082,206,80,0.0625,0.09375,0.84375
1083,167,30,0.5833333333333334,0.4166666666666667,0.0
1084,167,30,0.0,0.16666666666666666,0.8333333333333334
1085,33,80,0.5,0.46875,0.03125
1086,206,80,0.375,0.0,0.625
1087,33,80,0.75,0.0625,0.1875
1088,167,30,0.3333333333333333,0.6666666666666666,0.0
1089,12,20,0.375,0.625,0.0
1090,12,20,0.5,0.5,0.0
1091,167,30,0.8333333333333334,0.08333333333333333,0.08333333333333333
1092,206,80,0.5625,0.21875,0.21875
1093,194,80,0.34375,0.59375,0.0625
1094,194,80,0.3125,0.375,0.3125
1095,194,80,0.0,0.09375,0.90625
1096,194,80,0.1875,0.28125,0.53125
1097,12,80,0.5,0.1875,0.3125
1098,33,80,0.21875,0.15625,0.625
1099,12,20,0.375,0.5,0.125
1100,194,80,0.625,0.375,0.0
1101,194,80,0.375,0.28125,0.34375
1102,227,40,0.0,0.3125,0.6875
1103,206,80,0.9375,0.0625,0.0
1104,206,80,0.8125,0.03125,0.15625
1105,167,30,0.75,0.16666666666666666,0.08333333333333333
1106,194,80,0.53125,0.28125,0.1875
1107,33,80,0.6875,0.0625,0.25
1108,227,40,0.125,0.125,0.75
1109,194,80,0.4375,0.5625,0.0
1110,206,80,0.25,0.09375,0.65625
1111,227,40,0.75,0.25,0.0
1112,206,80,0.59375,0.40625,0.0
1113,206,80,0.09375,0.625,0.28125
1114,33,40,0.5,0.0,0.5
1115,12,80,0.25,0.5,0.25
1116,227,40,0.875,0.0,0.125
1117,33,40,0.0625,0.25,0.6875
1118,12,20,0.5,0.5,0.0
1119,227,40,0.3125,0.5625,0.125
1120,227,40,0.125,0.5625,0.3125
1121,206,80,0.0,0.21875,0.78125
1122,227,40,0.5,0.1875,0.3125
1123,206,80,0.34375,0.65625,0.0
1124,206,80,0.0,0.53125,0.46875
1125,12,80,0.0,0.5,0.5
1126,227,40,0.75,0.1875,0.0625
1127,227,40,0.625,0.0625,0.3125
1128,33,80,0.84375,0.03125,0.125
1129,194,80,0.0625,0.46875,0.46875
1130,167,30,0.0,0.5,0.5
1131,33,40,0.0625,0.0,0.9375
1132,206,80,0.25,0.0,0.75
1133,33,80,0.0,0.5625,0.4375
1134,194,80,0.5,0.125,0.375
1135,227,40,0.375,0.3125,0.3125
1136,33,80,0.0,0.4375,0.5625
1137,227,40,0.0,0.125,0.875
1138,194,80,0.25,0.4375,0.3125
1139,167,30,0.75,0.16666666666666666,0.08333333333333333
1140,227,40,0.0,0.3125,0.6875
1141,206,80,0.0,0.75,0.25
1142,33,40,0.25,0.75,0.0
1143,12,80,0.0625,0.8125,0.125
1144,227,40,0.625,0.0625,0.3125
1145,206,80,0.90625,0.09375,0.0
1146,206,80,0.0,0.21875,0.78125
1147,33,80,0.375,0.15625,0.46875
1148,167,60,0.5833333333333334,0.0,0.4166666666666667
1149,167,30,0.16666666666666666,0.4166666666666667,0.4166666666666667
1150,33,40,0.9375,0.0625,0.0
1151,206,80,0.0,0.65625,0.34375
1152,167,60,0.5833333333333334,0.4166666666666667,0.0
1153,33,40,0.0625,0.25,0.6875
1154,167,30,0.75,0.16666666666666666,0.08333333333333333
1155,33,80,0.28125,0.0625,0.65625
1156,33,40,0.5625,0.0,0.4375
1157,33,80,0.875,0.03125,0.09375
1158,227,40,0.375,0.625,0.0
1159,206,80,0.1875,0.0,0.8125
1160,167,30,0.3333333333333333,0.25,0.4166666666666667
1161,167,30,0.3333333333333333,0.4166666666666667,0.25
1162,227,40,0.125,0.375,0.5
1163,33,80,0.0625,0.125,0.8125
1164,206,80,0.625,0.0,0.375
1165,206,80,0.28125,0.125,0.59375
1166,206,80,0.09375,0.03125,0.875
1167,206,80,0.0,0.1875,0.8125
1168,33,80,0.21875,0.46875,0.3125
1169,206,80,0.59375,0.15625,0.25
1170,227,40,0.6875,0.0,0.3125
1171,12,80,0.46875,0.28125,0.25
1172,227,40,0.625,0.0625,0.3125
1173,227,40,0.0625,0.625,0.3125
1174,12,20,0.375,0.625,0.0
1175,227,40,0.0,0.3125,0.6875
1176,194,80,0.125,0.46875,0.40625
1177,33,40,0.0,0.6875,0.3125
1178,194,80,0.5,0.28125,0.21875
1179,33,80,0.875,0.03125,0.09375
1180,227,40,0.625,0.25,0.125
1181,12,20,0.125,0.25,0.625
1182,167,60,0.9166666666666666,0.0,0.08333333333333333
1183,33,40,0.0,0.25,0.75
1184,33,80,0.34375,0.28125,0.375
1185,206,80,0.375,0.0,0.625
1186,194,80,0.03125,0.59375,0.375
1187,227,40,0.6875,0.1875,0.125
1188,206,80,0.5,0.125,0.375
1189,12,80,0.34375,0.34375,0.3125
1190,167,30,0.4166666666666667,0.5833333333333334,0.0
1191,33,80,0.78125,0.125,0.09375
1192,167,30,0.5833333333333334,0.08333333333333333,0.3333333333333333
1193,227,40,0.5,0.5,0.0
1194,167,30,0.5833333333333334,0.4166666666666667,0.0
1195,12,80,0.5625,0.4375,0.0
1196,167,60,0.0,0.25,0.75
1197,12,80,0.0,0.65625,0.34375
1198,206,80,0.5,0.0,0.5
1199,12,80,0.5,0.5,0.0
1200,33,40,0.25,0.1875,0.5625
1201,206,80,0.46875,0.3125,0.21875
1202,194,80,0.1875,0.8125,0.0
1203,206,80,0.34375,0.375,0.28125
1204,12,80,0.1875,0.4375,0.375
1205,12,20,0.5,0.5,0.0
1206,194,80,0.09375,0.8125,0.09375
1207,12,80,0.0,0.625,0.375
1208,167,30,0.8333333333333334,0.16666666666666666,0.0
1209,33,80,0.40625,0.125,0.46875
1210,227,40,0.625,0.0,0.375
1211,167,30,0.5,0.0,0.5
1212,206,80,0.46875,0.53125,0.0
1213,227,40,0.75,0.0,0.25
1214,206,80,0.0625,0.0625,0.875
1216,227,40,0.6875,0.3125,0.0
1217,227,40,0.1875,0.625,0.1875
1218,194,80,0.4375,0.5625,0.0
1219,167,30,0.16666666666666666,0.08333333333333333,0.75
1220,33,80,0.4375,0.4375,0.125
1221,227,40,0.0625,0.625,0.3125
1222,206,80,0.03125,0.03125,0.9375
1223,167,30,0.6666666666666666,0.3333333333333333,0.0
1224,33,80,0.0,0.0625,0.9375
1225,12,80,0.1875,0.5,0.3125
1226,194,80,0.09375,0.46875,0.4375
1227,227,40,0.5625,0.125,0.3125
1228,227,40,0.3125,0.0625,0.625
1229,167,60,0.5,0.0,0.5
1230,33,80,0.21875,0.59375,0.1875
1231,167,30,0.4166666666666667,0.0,0.5833333333333334
1232,227,40,0.1875,0.8125,0.0
1233,33,80,0.5,0.375,0.125
1234,33,80,0.71875,0.125,0.15625
1235,194,80,0.5625,0.3125,0.125
1236,194,10,0.5,0.0,0.5
1237,167,30,0.4166666666666667,0.5833333333333334,0.0
1238,206,80,0.5,0.3125,0.1875
1239,227,40,0.25,0.5,0.25
1240,12,80,0.3125,0.4375,0.25
1241,227,40,0.875,0.125,0.0
1242,167,30,0.8333333333333334,0.08333333333333333,0.08333333333333333
1243,206,80,0.0,0.625,0.375
1244,167,60,0.0,0.4166666666666667,0.5833333333333334
1245,12,20,0.125,0.375,0.5
1246,227,40,0.0,0.25,0.75
1247,167,30,0.5833333333333334,0.08333333333333333,0.3333333333333333
1248,12,80,0.34375,0.3125,0.34375
1249,33,80,0.8125,0.1875,0.0
1250,194,80,0.03125,0.5625,0.40625
1251,33,80,0.0625,0.65625,0.28125
1252,167,30,0.5,0.5,0.0
1253,33,40,0.9375,0.0,0.0625
1254,12,80,0.28125,0.40625,0.3125
1255,227,40,0.9375,0.0,0.0625
1256,167,30,0.3333333333333333,0.25,0.4166666666666667
1257,227,40,0.5625,0.4375,0.0
1258,227,40,0.0,0.1875,0.8125
1259,12,80,0.0,0.40625,0.59375
1260,12,80,0.40625,0.4375,0.15625
1261,227,40,0.625,0.0625,0.3125
1262,194,80,0.40625,0.21875,0.375
1263,206,80,0.0625,0.0,0.9375
1264,33,40,0.1875,0.0,0.8125
1265,227,40,0.1875,0.5,0.3125
1266,167,30,0.75,0.08333333333333333,0.16666666666666666
1267,33,40,0.0,0.75,0.25
1268,227,40,0.8125,0.0625,0.125
1269,33,80,0.59375,0.21875,0.1875
1270,12,80,0.53125,0.125,0.34375
1271,194,80,0.4375,0.375,0.1875
1272,206,80,0.0,0.03125,0.96875
1273,12,20,0.75,0.25,0.0
1274,33,80,0.28125,0.0625,0.65625
1275,227,40,0.5625,0.125,0.3125
1276,12,20,0.625,0.375,0.0
1277,167,30,0.8333333333333334,0.08333333333333333,0.08333333333333333
1278,33,80,0.84375,0.09375,0.0625
1279,12,20,0.625,0.375,0.0
1280,12,80,0.25,0.1875,0.5625
1281,227,40,0.0,0.0625,0.9375
1282,167,30,0.4166666666666667,0.3333333333333333,0.25
1283,12,80,0.4375,0.25,0.3125
1284,194,80,0.78125,0.09375,0.125
1285,33,40,0.0,0.25,0.75
1286,227,40,0.0,0.125,0.875
1287,167,30,0.0,0.9166666666666666,0.08333333333333333
1288,167,30,0.8333333333333334,0.16666666666666666,0.0
1289,33,80,0.09375,0.6875,0.21875
1290,33,80,0.0,0.875,0.125
1291,167,30,0.0,0.3333333333333333,0.6666666666666666
1292,206,80,0.0,0.84375,0.15625
1293,227,40,0.375,0.3125,0.3125
1294,206,80,0.0,0.8125,0.1875
1295,12,20,0.375,0.375,0.25
1296,206,80,0.3125,0.625,0.0625
1297,206,80,0.25,0.4375,0.3125
1298,227,40,0.4375,0.375,0.1875
1299,206,80,0.375,0.21875,0.40625
1300,194,80,0.0,0.53125,0.46875
1301,227,40,0.5625,0.125,0.3125
1302,194,80,0.375,0.25,0.375
1303,227,40,0.625,0.125,0.25
1304,167,30,0.4166666666666667,0.5833333333333334,0.0
1305,33,80,0.28125,0.625,0.09375
1306,206,80,0.59375,0.1875,0.21875
1307,206,80,0.0,0.1875,0.8125
1308,194,80,0.0,0.46875,0.53125
1309,33,80,0.9375,0.0625,0.0
1310,12,80,0.34375,0.21875,0.4375
1311,227,40,0.4375,0.25,0.3125
1312,206,80,0.03125,0.0625,0.90625
1313,33,80,0.125,0.625,0.25
1314,33,80,0.4375,0.25,0.3125
1315,33,80,0.3125,0.0,0.6875
1316,227,40,0.75,0.25,0.0
1317,33,80,0.0625,0.46875,0.46875
1318,33,80,0.78125,0.125,0.09375
1319,33,40,0.0,0.3125,0.6875
1320,12,80,0.40625,0.28125,0.3125
1321,227,40,0.875,0.0625,0.0625
1322,167,30,0.0,0.5833333333333334,0.4166666666666667
1323,167,30,0.08333333333333333,0.75,0.16666666666666666
1324,33,80,0.75,0.09375,0.15625
1325,167,30,0.0,0.08333333333333333,0.9166666666666666
1326,33,80,0.4375,0.5625,0.0
1327,33,40,0.75,0.0,0.25
1328,167,30,0.75,0.25,0.0
1329,227,40,0.5625,0.125,0.3125
1330,194,80,0.9375,0.03125,0.03125
1331,167,30,0.5833333333333334,0.16666666666666666,0.25
1332,194,80,0.3125,0.40625,0.28125
1333,12,80,0.375,0.21875,0.40625
1334,33,80,0.375,0.0625,0.5625
1335,194,80,0.40625,0.3125,0.28125
1336,227,40,0.5,0.1875,0.3125
1337,167,30,0.0,0.25,0.75
1338,227,40,0.8125,0.1875,0.0
1339,227,40,0.625,0.25,0.125
1340,12,80,0.28125,0.5,0.21875
1341,227,40,0.5625,0.25,0.1875
1342,33,80,0.4375,0.21875,0.34375
1343,227,40,0.5,0.1875,0.3125
1344,33,80,0.90625,0.03125,0.0625
1345,227,40,0.0625,0.8125,0.125
1346,227,40,0.125,0.25,0.625
1347,194,80,0.25,0.0625,0.6875
1348,167,30,0.5,0.5,0.0
1349,12,20,0.25,0.0,0.75
1350,227,40,0.3125,0.375,0.3125
1351,33,80,0.46875,0.21875,0.3125
1352,206,80,0.0,0.4375,0.5625
1353,12,80,0.09375,0.25,0.65625
1354,12,80,0.75,0.25,0.0
1355,206,80,0.0625,0.4375,0.5
1356,227,40,0.25,0.75,0.0
1357,194,80,0.28125,0.28125,0.4375
1358,194,80,0.21875,0.75,0.03125
1359,206,80,0.03125,0.4375,0.53125
1360,227,40,0.8125,0.0,0.1875
1361,227,40,0.375,0.625,0.0
1362,194,80,0.0625,0.375,0.5625
1363,12,80,0.34375,0.34375,0.3125
1364,12,80,0.4375,0.3125,0.25
1365,227,40,0.875,0.125,0.0
1366,227,40,0.5625,0.4375,0.0
1367,227,40,0.5,0.1875,0.3125
1368,12,80,0.0,0.875,0.125
1369,227,40,0.75,0.0,0.25
1370,206,80,0.46875,0.53125,0.0
1371,206,80,0.1875,0.3125,0.5
1372,12,20,0.625,0.0,0.375
1373,227,40,0.875,0.0625,0.0625
1374,206,80,0.40625,0.21875,0.375
1375,206,80,0.0,0.875,0.125
1376,227,40,0.0,0.1875,0.8125
1377,167,30,0.25,0.5833333333333334,0.16666666666666666
1378,167,30,0.5833333333333334,0.4166666666666667,0.0
1379,206,80,0.3125,0.6875,0.0
1380,194,80,0.78125,0.03125,0.1875
1381,33,80,0.84375,0.03125,0.125
1382,194,80,0.0,0.28125,0.71875
1383,33,80,0.15625,0.09375,0.75
1384,227,40,0.4375,0.4375,0.125
1385,206,80,0.5,0.5,0.0
1386,12,80,0.0,0.5625,0.4375
1387,194,80,0.25,0.40625,0.34375
1388,167,30,0.75,0.0,0.25
1389,33,80,0.4375,0.125,0.4375
1390,167,30,0.08333333333333333,0.25,0.6666666666666666
1391,206,80,0.5625,0.1875,0.25
1392,167,30,0.16666666666666666,0.3333333333333333,0.5
1393,12,80,0.4375,0.34375,0.21875
1394,167,30,0.4166666666666667,0.25,0.3333333333333333
1395,33,40,0.5,0.5,0.0
1396,33,40,0.0,0.625,0.375
1397,227,40,0.625,0.0625,0.3125
1398,227,40,0.6875,0.0625,0.25
1399,33,80,0.90625,0.03125,0.0625
1400,12,20,0.25,0.375,0.375
1401,227,40,0.9375,0.0625,0.0
1402,33,40,0.625,0.375,0.0
1403,227,40,0.625,0.375,0.0
1404,33,40,0.0,0.1875,0.8125
1405,206,80,0.5625,0.28125,0.15625
1406,12,80,0.125,0.21875,0.65625
1407,194,80,0.0625,0.65625,0.28125
1408,194,80,0.25,0.0,0.75
1409,206,80,0.375,0.375,0.25
1410,206,80,0.03125,0.0,0.96875
1411,194,80,0.5,0.15625,0.34375
1412,194,80,0.46875,0.375,0.15625
1413,194,80,0.6875,0.25,0.0625
1414,167,30,0.5833333333333334,0.4166666666666667,0.0
1415,194,80,0.8125,0.1875,0.0
1416,194,80,0.0,0.4375,0.5625
1417,227,40,0.5,0.5,0.0
1418,33,80,0.5625,0.375,0.0625
1419,167,30,0.8333333333333334,0.08333333333333333,0.08333333333333333
1420,227,40,0.6875,0.1875,0.125
1421,12,80,0.9375,0.0625,0.0
1422,33,80,0.75,0.15625,0.09375
1423,227,40,0.4375,0.125,0.4375
1424,167,30,0.5,0.0,0.5
1425,227,40,0.3125,0.3125,0.375
1426,227,40,0.4375,0.1875,0.375
1427,227,40,0.0,0.125,0.875
1428,227,40,0.5,0.4375,0.0625
1429,167,30,0.4166666666666667,0.5833333333333334,0.0
1430,33,40,0.3125,0.0,0.6875
1431,227,40,0.0,0.3125,0.6875
1432,206,80,0.3125,0.0,0.6875
1433,167,30,0.16666666666666666,0.5,0.3333333333333333
1434,194,80,0.25,0.40625,0.34375
1435,206,80,0.53125,0.28125,0.1875
1436,12,20,0.75,0.25,0.0
1437,194,80,0.71875,0.125,0.15625
1438,194,80,0.9375,0.03125,0.03125
1439,33,80,0.46875,0.40625,0.125
1440,12,80,0.40625,0.0,0.59375
1441,206,80,0.65625,0.0,0.34375
1442,194,80,0.75,0.03125,0.21875
1443,167,30,0.3333333333333333,0.0,0.6666666666666666
1444,206,80,0.78125,0.03125,0.1875
1445,227,40,0.3125,0.3125,0.375
1446,206,80,0.40625,0.59375,0.0
1447,167,30,0.3333333333333333,0.25,0.4166666666666667
1448,167,60,0.6666666666666666,0.3333333333333333,0.0
1449,206,80,0.0,0.40625,0.59375
1450,12,20,0.125,0.75,0.125
1451,33,40,0.0,0.6875,0.3125
1452,167,60,0.75,0.16666666666666666,0.08333333333333333
1453,167,30,0.5,0.25,0.25
1454,227,40,0.1875,0.5,0.3125
1455,167,30,0.4166666666666667,0.16666666666666666,0.4166666666666667
1456,227,40,0.0625,0.625,0.3125
1457,194,80,0.25,0.46875,0.28125
1458,33,40,0.4375,0.5625,0.0
1459,33,80,0.59375,0.3125,0.09375
1460,227,40,0.8125,0.0625,0.125
1461,227,40,0.75,0.0,0.25
1462,12,80,0.0,0.46875,0.53125
1463,206,80,0.1875,0.25,0.5625
1464,167,30,0.3333333333333333,0.6666666666666666,0.0
1465,194,80,0.0,0.78125,0.21875
1466,33,80,0.1875,0.34375,0.46875
1467,12,80,0.375,0.25,0.375
1468,206,80,0.46875,0.375,0.15625
1469,167,30,0.3333333333333333,0.16666666666666666,0.5
1470,167,30,0.0,0.25,0.75
1471,33,80,0.71875,0.0625,0.21875
1472,167,30,0.08333333333333333,0.4166666666666667,0.5
1473,33,80,0.65625,0.3125,0.03125
1474,206,80,0.6875,0.3125,0.0
1475,206,80,0.09375,0.03125,0.875
1476,33,40,0.0,0.8125,0.1875
1477,206,80,0.53125,0.40625,0.0625
1478,33,80,0.6875,0.21875,0.09375
1479,33,80,0.375,0.53125,0.09375
1480,33,80,0.03125,0.09375,0.875
1481,227,40,0.5625,0.4375,0.0
1482,12,80,0.5625,0.4375,0.0
1483,206,80,0.625,0.15625,0.21875
1484,206,80,0.59375,0.1875,0.21875
1485,33,80,0.71875,0.15625,0.125
1486,227,40,0.0,0.25,0.75
1487,227,40,0.3125,0.375,0.3125
1488,206,80,0.4375,0.0,0.5625
1489,206,80,0.34375,0.53125,0.125
1490,206,80,0.03125,0.03125,0.9375
1491,206,80,0.34375,0.375,0.28125
1492,33,80,0.6875,0.15625,0.15625
1493,194,80,0.25,0.34375,0.40625
1494,206,80,0.0625,0.03125,0.90625
1495,33,80,0.71875,0.1875,0.09375
1496,167,30,0.08333333333333333,0.08333333333333333,0.8333333333333334
1497,194,80,0.40625,0.15625,0.4375
1498,33,80,0.875,0.09375,0.03125
1499,194,80,0.96875,0.03125,0.0
1500,206,80,0.75,0.25,0.0
1501,167,30,0.08333333333333333,0.5833333333333334,0.3333333333333333
1502,227,40,0.5625,0.125,0.3125
1503,33,80,0.09375,0.09375,0.8125
1504,12,20,0.5,0.5,0.0
1505,206,80,0.0,0.3125,0.6875
1506,227,40,0.8125,0.0,0.1875
1507,167,30,0.6666666666666666,0.3333333333333333,0.0
1508,206,80,0.9375,0.0,0.0625
1509,12,80,0.3125,0.3125,0.375
1510,33,40,0.875,0.125,0.0
1511,206,80,0.0,0.65625,0.34375
1512,33,80,0.59375,0.34375,0.0625
1513,206,80,0.53125,0.28125,0.1875
1514,227,40,0.0,0.1875,0.8125
1515,206,80,0.34375,0.65625,0.0
1516,206,80,0.0,0.9375,0.0625
1517,33,80,0.125,0.5,0.375
1518,167,30,0.6666666666666666,0.3333333333333333,0.0
1519,167,30,0.6666666666666666,0.3333333333333333,0.0
1520,206,80,0.0,0.46875,0.53125
1521,206,80,0.90625,0.0,0.09375
1522,206,80,0.6875,0.3125,0.0
1523,33,80,0.3125,0.53125,0.15625
1524,33,40,0.4375,0.0,0.5625
1525,33,40,0.625,0.375,0.0
1526,227,40,0.25,0.4375,0.3125
1527,227,40,0.625,0.375,0.0
1528,194,80,0.125,0.625,0.25
1529,194,80,0.0,0.53125,0.46875
1530,206,80,0.53125,0.09375,0.375
1531,33,80,0.21875,0.65625,0.125
1532,167,30,0.16666666666666666,0.16666666666666666,0.6666666666666666
1533,33,80,0.125,0.71875,0.15625
1534,227,40,0.0,0.25,0.75
1535,227,40,0.375,0.5,0.125
1536,194,80,0.5625,0.25,0.1875
1537,12,80,0.46875,0.1875,0.34375
1538,12,80,0.125,0.5,0.375
1539,227,40,0.75,0.0,0.25
1540,167,30,0.4166666666666667,0.0,0.5833333333333334
1541,33,40,0.0,0.0625,0.9375
1542,227,40,0.1875,0.5,0.3125
1543,206,80,0.0,0.75,0.25
1544,167,60,0.6666666666666666,0.08333333333333333,0.25
1545,167,60,0.625,0.041666666666666664,0.3333333333333333
1546,227,40,0.375,0.625,0.0
1547,167,30,0.3333333333333333,0.0,0.6666666666666666
1548,12,20,0.125,0.0,0.875
1549,227,40,0.5625,0.3125,0.125
1550,227,40,0.5,0.1875,0.3125
1551,227,40,0.625,0.0,0.375
1552,194,80,0.375,0.40625,0.21875
1553,12,80,0.3125,0.0,0.6875
1554,194,80,0.375,0.4375,0.1875
1555,194,80,0.28125,0.5,0.21875
1556,33,80,0.0,0.5,0.5
1557,33,40,0.0,0.375,0.625
1558,12,80,0.34375,0.5,0.15625
1559,194,80,0.0,0.59375,0.40625
1560,12,80,0.21875,0.78125,0.0
1561,167,30,0.08333333333333333,0.16666666666666666,0.75
1562,206,80,0.40625,0.28125,0.3125
1563,167,60,0.0,0.9166666666666666,0.08333333333333333
1564,227,40,0.9375,0.0625,0.0
1565,206,80,0.875,0.0,0.125
1566,194,80,0.34375,0.09375,0.5625
1567,12,80,0.96875,0.0,0.03125
1568,33,80,0.625,0.15625,0.21875
1569,12,80,0.21875,0.5,0.28125
1570,227,40,0.0,0.25,0.75
1571,227,40,0.0625,0.625,0.3125
1572,167,60,0.0,0.8333333333333334,0.16666666666666666
1573,206,80,0.40625,0.375,0.21875
1574,227,40,0.6875,0.3125,0.0
1575,227,40,0.375,0.625,0.0
1576,194,80,0.625,0.28125,0.09375
1577,206,80,0.5625,0.28125,0.15625
1578,206,80,0.4375,0.34375,0.21875
1579,167,30,0.16666666666666666,0.08333333333333333,0.75
1580,206,80,0.40625,0.25,0.34375
1581,12,80,0.34375,0.375,0.28125
1582,227,40,0.0,0.0625,0.9375
1583,33,80,0.28125,0.0625,0.65625
1584,206,80,0.0,0.4375,0.5625
1585,167,30,0.5833333333333334,0.3333333333333333,0.08333333333333333
1586,227,40,0.5625,0.1875,0.25
1587,33,80,0.75,0.21875,0.03125
1588,227,40,0.625,0.0,0.375
1589,33,80,0.0,0.6875,0.3125
1590,194,80,0.53125,0.25,0.21875
1591,33,80,0.1875,0.125,0.6875
1592,194,80,0.0,0.40625,0.59375
1593,167,30,0.16666666666666666,0.8333333333333334,0.0
1594,227,40,0.75,0.25,0.0
1595,12,80,0.375,0.21875,0.40625
1596,33,40,0.4375,0.0,0.5625
1597,194,80,0.0,0.65625,0.34375
1598,227,40,0.375,0.3125,0.3125
1599,167,30,0.5833333333333334,0.0,0.4166666666666667
1600,167,60,0.0,0.3333333333333333,0.6666666666666666
1601,33,40,0.0,0.4375,0.5625
1602,167,30,0.5,0.16666666666666666,0.3333333333333333
1603,167,30,0.3333333333333333,0.0,0.6666666666666666
1604,227,40,0.5,0.5,0.0
1605,33,80,0.0625,0.0625,0.875
1606,206,80,0.25,0.0,0.75
1607,206,80,0.28125,0.34375,0.375
1608,194,80,0.1875,0.375,0.4375
1609,227,40,0.9375,0.0625,0.0
1610,206,80,0.5625,0.4375,0.0
1611,33,40,0.6875,0.0,0.3125
1612,227,40,0.625,0.0625,0.3125
1613,206,80,0.21875,0.0625,0.71875
1614,33,80,0.59375,0.375,0.03125
1615,206,80,0.4375,0.5625,0.0
1616,206,80,0.0,0.6875,0.3125
1617,206,80,0.0,0.125,0.875
1618,12,20,0.25,0.75,0.0
1619,194,10,0.5,0.25,0.25
1620,12,80,0.28125,0.3125,0.40625
1621,206,80,0.1875,0.21875,0.59375
1622,227,40,0.5625,0.125,0.3125
1623,12,80,0.34375,0.1875,0.46875
1624,206,80,0.0625,0.0625,0.875
1625,206,80,0.5625,0.28125,0.15625
1626,33,80,0.46875,0.1875,0.34375
1627,33,80,0.3125,0.0625,0.625
1628,167,30,0.08333333333333333,0.3333333333333333,0.5833333333333334
1629,33,80,0.40625,0.3125,0.28125
1630,194,80,0.25,0.3125,0.4375
1631,33,80,0.71875,0.09375,0.1875
1632,206,80,0.0,0.5625,0.4375
1633,33,40,0.0,0.6875,0.3125
1634,33,80,0.1875,0.125,0.6875
1635,206,80,0.34375,0.0,0.65625
1636,227,40,0.375,0.625,0.0
1637,227,40,0.0,0.1875,0.8125
1638,194,80,0.28125,0.28125,0.4375
1639,12,80,0.09375,0.5625,0.34375
1640,33,80,0.28125,0.5625,0.15625
1641,167,30,0.5833333333333334,0.08333333333333333,0.3333333333333333
1642,206,80,0.0625,0.0,0.9375
1643,12,80,0.375,0.375,0.25
1644,206,80,0.46875,0.53125,0.0
1645,227,40,0.4375,0.25,0.3125
1646,33,80,0.1875,0.5625,0.25
1647,167,30,0.75,0.0,0.25
1648,12,80,0.0,0.5625,0.4375
1649,194,80,0.71875,0.28125,0.0
1650,206,80,0.75,0.0,0.25
1651,12,80,0.34375,0.40625,0.25
1652,227,40,0.875,0.125,0.0
1653,194,80,0.40625,0.59375,0.0
1654,167,30,0.4166666666666667,0.5833333333333334,0.0
1655,206,80,0.4375,0.0,0.5625
1656,206,80,0.15625,0.84375,0.0
1657,194,80,0.0625,0.40625,0.53125
1658,227,40,0.1875,0.5,0.3125
1659,206,80,0.375,0.46875,0.15625
1660,194,80,0.5,0.4375,0.0625
1661,194,80,0.4375,0.46875,0.09375
1662,206,80,0.4375,0.40625,0.15625
1663,227,40,0.3125,0.6875,0.0
1664,206,80,0.96875,0.03125,0.0
1665,33,40,0.4375,0.5625,0.0
1666,33,40,0.125,0.0,0.875
1667,206,80,0.0,0.34375,0.65625
1668,12,80,0.1875,0.25,0.5625
1669,167,30,0.4166666666666667,0.16666666666666666,0.4166666666666667
1670,227,40,0.1875,0.6875,0.125
1671,194,80,0.3125,0.5,0.1875
1672,206,80,0.59375,0.40625,0.0
1673,167,30,0.5,0.5,0.0
1674,167,30,0.5,0.5,0.0
1675,206,80,0.03125,0.03125,0.9375
1676,194,80,0.46875,0.53125,0.0
1677,194,80,0.375,0.625,0.0
1678,33,80,0.3125,0.40625,0.28125
1679,206,80,0.0,0.1875,0.8125
1680,194,80,0.4375,0.25,0.3125
1681,33,40,0.0,0.375,0.625
1682,206,80,0.25,0.75,0.0
1683,33,80,0.34375,0.1875,0.46875
1684,227,40,0.5625,0.125,0.3125
1685,167,30,0.75,0.08333333333333333,0.16666666666666666
1686,12,80,0.21875,0.09375,0.6875
1687,12,80,0.3125,0.375,0.3125
1688,206,80,0.0,0.4375,0.5625
1689,227,40,0.0625,0.125,0.8125
1690,227,40,0.5,0.4375,0.0625
1691,227,40,0.9375,0.0625,0.0
1692,33,80,0.09375,0.09375,0.8125
1693,167,30,0.5,0.3333333333333333,0.16666666666666666
1694,12,20,0.875,0.0,0.125
1695,167,30,0.3333333333333333,0.0,0.6666666666666666
1696,206,80,0.1875,0.0,0.8125
1697,33,40,0.1875,0.8125,0.0
1698,206,80,0.03125,0.0625,0.90625
1699,167,30,0.25,0.16666666666666666,0.5833333333333334
1700,167,30,0.4166666666666667,0.5833333333333334,0.0
1701,194,80,0.375,0.34375,0.28125
1702,12,20,0.375,0.625,0.0
1703,33,80,0.84375,0.0625,0.09375
1704,167,30,0.5833333333333334,0.4166666666666667,0.0
1705,33,40,0.75,0.25,0.0
1706,194,80,0.5625,0.4375,0.0
1707,206,80,0.5625,0.4375,0.0
1708,12,80,0.0,0.84375,0.15625
1709,33,80,0.71875,0.09375,0.1875
1710,167,30,0.0,0.8333333333333334,0.16666666666666666
1711,227,40,0.4375,0.5625,0.0
1712,206,80,0.1875,0.21875,0.59375
1713,194,80,0.34375,0.65625,0.0
1714,227,40,0.75,0.0,0.25
1715,194,80,0.3125,0.6875,0.0
1716,227,40,0.875,0.0,0.125
1717,227,40,0.25,0.4375,0.3125
1718,227,40,0.75,0.125,0.125
1719,12,80,0.375,0.34375,0.28125
1720,227,40,0.9375,0.0625,0.0
1721,194,10,0.25,0.5,0.25
1722,33,80,0.28125,0.1875,0.53125
1723,227,40,0.875,0.0,0.125
1724,33,40,0.0,0.875,0.125
1725,12,20,0.0,0.75,0.25
1726,33,80,0.5,0.4375,0.0625
1727,194,80,0.90625,0.09375,0.0
1728,206,80,0.71875,0.28125,0.0
1729,167,60,0.75,0.25,0.0
1730,12,80,0.0625,0.5,0.4375
1731,194,80,0.0,0.4375,0.5625
1732,227,40,0.9375,0.0625,0.0
1733,206,80,0.65625,0.0,0.34375
1734,206,80,0.46875,0.53125,0.0
1735,194,80,0.0,0.75,0.25
1736,12,80,0.65625,0.34375,0.0
1737,33,80,0.34375,0.40625,0.25
1738,33,40,0.0,0.75,0.25
1739,227,40,0.375,0.5,0.125
1740,33,80,0.65625,0.09375,0.25
1741,227,40,0.4375,0.1875,0.375
1742,194,80,0.40625,0.1875,0.40625
1743,194,80,0.03125,0.375,0.59375
1744,194,80,0.375,0.34375,0.28125
1745,33,80,0.46875,0.34375,0.1875
1746,167,30,0.16666666666666666,0.16666666666666666,0.6666666666666666
1747,33,40,0.375,0.0,0.625
1748,167,60,0.0,0.75,0.25
1749,33,40,0.0,0.375,0.625
1750,194,80,0.0625,0.46875,0.46875
1751,194,10,0.5,0.5,0.0
1752,167,30,0.6666666666666666,0.3333333333333333,0.0
1753,33,40,0.4375,0.0,0.5625
1754,12,80,0.375,0.5,0.125
1755,167,30,0.08333333333333333,0.08333333333333333,0.8333333333333334
1756,33,40,0.875,0.0,0.125
1757,206,80,0.0,0.15625,0.84375
1758,194,80,0.0,0.03125,0.96875
1759,33,40,0.3125,0.0,0.6875
1760,33,80,0.125,0.875,0.0
1761,12,80,0.375,0.375,0.25
1762,12,80,0.4375,0.28125,0.28125
1763,167,30,0.4166666666666667,0.5833333333333334,0.0
1764,206,80,0.5625,0.25,0.1875
1765,206,80,0.1875,0.21875,0.59375
1766,227,40,0.25,0.5625,0.1875
1767,227,40,0.3125,0.0625,0.625
1768,194,80,0.28125,0.0,0.71875
1769,12,20,0.375,0.625,0.0
1770,194,80,0.59375,0.0625,0.34375
1771,167,30,0.4166666666666667,0.5833333333333334,0.0
1772,194,80,0.40625,0.59375,0.0
1773,33,40,0.25,0.0,0.75
1774,12,80,0.25,0.5,0.25
1775,206,80,0.46875,0.375,0.15625
1776,206,80,0.375,0.1875,0.4375
1777,194,80,0.75,0.09375,0.15625
1778,194,80,0.15625,0.6875,0.15625
1779,206,80,0.4375,0.5625,0.0
1780,206,80,0.4375,0.5625,0.0
1781,167,30,0.5,0.16666666666666666,0.3333333333333333
1782,194,80,0.90625,0.09375,0.0
1783,167,30,0.5,0.5,0.0
1784,33,80,0.53125,0.03125,0.4375
1785,167,30,0.3333333333333333,0.6666666666666666,0.0
1786,227,40,0.5,0.25,0.25
1787,227,40,0.6875,0.0,0.3125
1788,194,80,0.0,0.1875,0.8125
1789,194,80,0.1875,0.4375,0.375
1790,33,80,0.90625,0.03125,0.0625
1791,206,80,0.53125,0.28125,0.1875
1792,12,80,0.4375,0.28125,0.28125
1793,194,80,0.125,0.46875,0.40625
1794,33,40,0.0,0.1875,0.8125
1795,194,80,0.0,0.8125,0.1875
1796,33,40,0.0,0.25,0.75
1797,167,30,0.3333333333333333,0.6666666666666666,0.0
1798,206,80,0.875,0.125,0.0
1799,206,80,0.21875,0.40625,0.375
1800,167,30,0.5,0.5,0.0
1801,206,80,0.0,0.15625,0.84375
1802,167,30,0.6666666666666666,0.08333333333333333,0.25
1803,194,80,0.53125,0.46875,0.0
1804,227,40,0.6875,0.125,0.1875
1805,227,40,0.75,0.25,0.0
1806,227,40,0.0,0.5,0.5
1807,206,80,0.75,0.25,0.0
1808,206,80,0.03125,0.0625,0.90625
1809,12,20,0.125,0.75,0.125
1810,167,30,0.5,0.5,0.0
1811,194,80,0.90625,0.0625,0.03125
1812,167,30,0.5833333333333334,0.25,0.16666666666666666
1813,194,80,0.5625,0.1875,0.25
1814,12,20,0.75,0.0,0.25
1815,206,80,0.15625,0.0,0.84375
1816,167,30,0.16666666666666666,0.4166666666666667,0.4166666666666667
1817,33,80,0.53125,0.3125,0.15625
1818,206,80,0.0,0.625,0.375
1819,167,30,0.6666666666666666,0.08333333333333333,0.25
1820,12,80,0.28125,0.3125,0.40625
1821,194,80,0.65625,0.34375,0.0
1822,167,30,0.8333333333333334,0.16666666666666666,0.0
1823,167,30,0.5,0.5,0.0
1824,206,80,0.625,0.0,0.375
1825,206,80,0.5,0.5,0.0
1826,33,40,0.9375,0.0625,0.0
1827,167,60,0.0,0.375,0.625
1828,206,80,0.40625,0.28125,0.3125
1829,194,80,0.40625,0.25,0.34375
1830,206,80,0.46875,0.34375,0.1875
1831,194,10,0.25,0.75,0.0
1832,227,40,0.25,0.4375,0.3125
1833,12,80,0.28125,0.3125,0.40625
1834,12,20,0.875,0.0,0.125
1835,167,30,0.75,0.16666666666666666,0.08333333333333333
1836,206,80,0.40625,0.59375,0.0
1837,167,30,0.4166666666666667,0.0,0.5833333333333334
1838,206,80,0.46875,0.375,0.15625
1839,206,80,0.75,0.0,0.25
1840,227,40,0.625,0.375,0.0
1841,206,80,0.0,0.5,0.5
1842,227,40,0.1875,0.1875,0.625
1843,206,80,0.21875,0.0625,0.71875
1844,194,80,0.28125,0.1875,0.53125
1845,227,40,0.5625,0.25,0.1875
1846,206,80,0.125,0.0,0.875
1847,227,40,0.25,0.625,0.125
1848,33,80,0.34375,0.5625,0.09375
1849,12,80,0.0,0.40625,0.59375
1850,167,30,0.5833333333333334,0.16666666666666666,0.25
1851,227,40,0.8125,0.1875,0.0
1852,33,40,0.0,0.0,1.0
1853,206,80,0.53125,0.15625,0.3125
1854,167,30,0.0,0.75,0.25
1855,33,80,0.78125,0.0625,0.15625
1856,206,80,0.25,0.40625,0.34375
1857,167,30,0.8333333333333334,0.08333333333333333,0.08333333333333333
1858,12,80,0.21875,0.5,0.28125
1859,206,80,0.40625,0.46875,0.125
1860,167,30,0.5833333333333334,0.4166666666666667,0.0
1861,33,80,0.28125,0.21875,0.5
1862,227,40,0.75,0.0,0.25
1863,206,80,0.34375,0.0,0.65625
1864,167,30,0.75,0.08333333333333333,0.16666666666666666
1865,33,80,0.78125,0.03125,0.1875
1866,33,80,0.84375,0.09375,0.0625
1867,194,80,0.0,0.78125,0.21875
1868,12,80,0.375,0.375,0.25
1869,167,30,0.6666666666666666,0.16666666666666666,0.16666666666666666
1870,12,80,0.375,0.21875,0.40625
1871,206,80,0.3125,0.6875,0.0
1872,33,80,0.4375,0.46875,0.09375
1873,12,20,0.0,0.5,0.5
1874,194,80,0.71875,0.1875,0.09375
1875,33,80,0.1875,0.09375,0.71875
1876,227,40,0.1875,0.5,0.3125
1877,194,80,0.65625,0.03125,0.3125
1878,206,80,0.5,0.0,0.5
1879,227,40,0.125,0.5625,0.3125
1880,194,80,0.875,0.0625,0.0625
1881,227,40,0.5,0.25,0.25
1882,194,80,0.5,0.0625,0.4375
1883,12,80,0.0,0.78125,0.21875
1884,206,80,0.53125,0.3125,0.15625
1885,206,80,0.0625,0.09375,0.84375
1886,12,20,0.125,0.0,0.875
1887,206,80,0.0,0.46875,0.53125
1888,12,80,0.25,0.28125,0.46875
1889,167,60,0.0,0.25,0.75
1890,227,40,0.8125,0.0,0.1875
1891,33,80,0.5625,0.25,0.1875
1892,167,30,0.75,0.08333333333333333,0.16666666666666666
1893,227,40,0.6875,0.0,0.3125
1894,167,30,0.16666666666666666,0.5,0.3333333333333333
1895,206,80,0.0,0.375,0.625
1896,33,80,0.875,0.0,0.125
1897,12,20,0.25,0.75,0.0
1898,194,80,0.28125,0.3125,0.40625
1899,12,80,0.5,0.34375,0.15625
1900,167,30,0.5833333333333334,0.4166666666666667,0.0
1901,33,80,0.25,0.09375,0.65625
1902,12,80,0.0,0.90625,0.09375
1903,12,80,0.34375,0.34375,0.3125
1904,206,80,0.40625,0.375,0.21875
1905,33,80,0.59375,0.0625,0.34375
1906,12,20,1.0,0.0,0.0
1907,33,40,0.125,0.1875,0.6875
1908,167,30,0.25,0.75,0.0
1909,194,80,0.5,0.5,0.0
1910,167,30,0.5,0.25,0.25
1911,206,80,0.4375,0.1875,0.375
1912,33,80,0.0,0.1875,0.8125
1913,167,30,0.5,0.16666666666666666,0.3333333333333333
1914,33,80,0.6875,0.15625,0.15625
1915,194,80,0.5,0.5,0.0
1916,206,80,0.5,0.34375,0.15625
1917,33,40,0.375,0.1875,0.4375
1918,167,60,0.8333333333333334,0.16666666666666666,0.0
1919,33,80,0.59375,0.1875,0.21875
1920,206,80,0.5625,0.4375,0.0
1921,227,40,0.75,0.25,0.0
1922,12,80,0.15625,0.8125,0.03125
1923,167,30,0.0,0.9166666666666666,0.08333333333333333
1924,12,80,0.46875,0.1875,0.34375
1925,194,80,0.3125,0.25,0.4375
1926,206,80,0.28125,0.125,0.59375
1927,33,80,0.5,0.15625,0.34375
1928,194,80,0.3125,0.0,0.6875
1929,33,40,0.6875,0.3125,0.0
1930,33,80,0.78125,0.1875,0.03125
1931,194,80,0.78125,0.0,0.21875
1932,206,80,0.53125,0.25,0.21875
1933,194,80,0.6875,0.3125,0.0
1934,227,40,0.8125,0.0,0.1875
1935,12,80,0.375,0.25,0.375
1936,194,80,0.3125,0.125,0.5625
1937,167,30,0.8333333333333334,0.08333333333333333,0.08333333333333333
1938,194,80,0.3125,0.28125,0.40625
1939,194,80,0.0625,0.90625,0.03125
1940,33,80,0.25,0.34375,0.40625
1941,167,30,0.16666666666666666,0.25,0.5833333333333334
1942,167,30,0.5833333333333334,0.4166666666666667,0.0
1943,194,80,0.21875,0.40625,0.375
1944,12,20,0.0,1.0,0.0
1945,33,80,0.125,0.25,0.625
1946,33,80,0.40625,0.28125,0.3125
1947,167,30,0.0,0.5,0.5
1948,194,80,0.34375,0.25,0.40625
1949,167,30,0.0,0.3333333333333333,0.6666666666666666
1950,33,80,0.0625,0.9375,0.0
1951,33,40,0.5,0.0625,0.4375
1952,12,80,0.46875,0.28125,0.25
1953,33,80,0.0625,0.0625,0.875
1954,12,20,0.375,0.5,0.125
1955,194,80,0.40625,0.375,0.21875
1956,206,80,0.65625,0.34375,0.0
1957,12,80,0.375,0.25,0.375
1958,194,80,0.46875,0.3125,0.21875
1959,227,40,0.3125,0.5625,0.125
1960,227,40,0.5625,0.125,0.3125
1961,167,30,0.75,0.08333333333333333,0.16666666666666666
1962,167,30,0.16666666666666666,0.6666666666666666,0.16666666666666666
1963,206,80,0.0,0.0625,0.9375
1964,227,40,0.8125,0.125,0.0625
1965,227,40,0.375,0.3125,0.3125
1966,33,80,0.0,0.625,0.375
1967,12,80,0.0,0.6875,0.3125
1968,12,80,0.125,0.875,0.0
1969,227,40,0.5625,0.375,0.0625
1970,33,40,0.875,0.125,0.0
1971,167,30,0.6666666666666666,0.3333333333333333,0.0
1972,33,80,0.21875,0.15625,0.625
1973,12,80,0.40625,0.375,0.21875
1974,33,80,0.34375,0.5,0.15625
1975,33,80,0.625,0.125,0.25
1976,194,80,0.125,0.875,0.0
1977,206,80,0.46875,0.25,0.28125
1978,167,30,0.6666666666666666,0.3333333333333333,0.0
1979,206,80,0.34375,0.375,0.28125
1980,12,20,0.375,0.5,0.125
1981,194,80,0.4375,0.0,0.5625
1982,167,30,0.8333333333333334,0.16666666666666666,0.0
1983,206,80,0.8125,0.0,0.1875
1984,194,10,0.25,0.5,0.25
1985,194,80,0.0,0.875,0.125
1986,12,80,0.71875,0.125,0.15625
1987,194,80,0.34375,0.09375,0.5625
1988,167,60,0.3333333333333333,0.6666666666666666,0.0
1989,167,30,0.75,0.08333333333333333,0.16666666666666666
1990,206,80,0.375,0.1875,0.4375
1991,206,80,0.5,0.0,0.5
1992,33,40,0.625,0.375,0.0
1993,194,80,0.46875,0.3125,0.21875
1994,12,80,0.375,0.40625,0.21875
1995,167,30,0.75,0.08333333333333333,0.16666666666666666
1996,167,60,0.625,0.041666666666666664,0.3333333333333333
1997,33,80,0.4375,0.5625,0.0
1998,12,20,0.375,0.0,0.625
1999,167,30,0.4166666666666667,0.3333333333333333,0.25
2000,12,80,0.0,0.78125,0.21875
2001,33,80,0.28125,0.1875,0.53125
2002,12,80,0.46875,0.28125,0.25
2003,227,40,0.0,0.1875,0.8125
2004,194,80,0.5,0.5,0.0
2005,33,80,0.875,0.03125,0.09375
2006,12,80,0.53125,0.46875,0.0
2007,12,20,0.5,0.5,0.0
2008,206,80,0.375,0.40625,0.21875
2009,167,30,0.3333333333333333,0.16666666666666666,0.5
2010,227,40,0.4375,0.25,0.3125
2011,194,80,0.125,0.34375,0.53125
2012,194,80,0.0,0.21875,0.78125
2013,33,80,0.0625,0.625,0.3125
2014,12,80,0.28125,0.1875,0.53125
2015,194,80,0.4375,0.28125,0.28125
2016,33,80,0.34375,0.28125,0.375
2017,227,40,0.375,0.3125,0.3125
2018,167,60,0.0,0.16666666666666666,0.8333333333333334
2019,167,30,0.0,0.6666666666666666,0.3333333333333333
2020,227,40,0.8125,0.1875,0.0
2021,12,80,0.4375,0.28125,0.28125
2022,194,80,0.28125,0.4375,0.28125
2023,33,80,0.09375,0.03125,0.875
2024,227,40,0.625,0.1875,0.1875
2025,206,80,0.15625,0.1875,0.65625
2026,12,80,0.40625,0.25,0.34375
2027,33,80,0.75,0.15625,0.09375
2028,206,80,0.46875,0.28125,0.25
2029,167,30,0.9166666666666666,0.08333333333333333,0.0
2030,167,30,0.4166666666666667,0.0,0.5833333333333334
2031,33,80,0.65625,0.34375,0.0
2032,227,40,0.75,0.0,0.25
2033,194,80,0.53125,0.3125,0.15625
2034,206,80,0.03125,0.0625,0.90625
2035,12,20,0.25,0.625,0.125
2036,167,30,0.0,0.16666666666666666,0.8333333333333334
2037,167,60,0.625,0.041666666666666664,0.3333333333333333
2038,167,30,0.0,0.6666666666666666,0.3333333333333333
2039,167,30,0.5833333333333334,0.4166666666666667,0.0
2040,227,40,0.375,0.625,0.0
2041,167,30,0.6666666666666666,0.16666666666666666,0.16666666666666666
2042,33,80,0.625,0.375,0.0
2043,206,80,0.78125,0.0625,0.15625
2044,206,80,0.0,0.53125,0.46875
2045,227,40,0.8125,0.1875,0.0
2046,206,80,0.8125,0.0,0.1875
2047,206,80,0.0,0.15625,0.84375
2048,33,80,0.125,0.125,0.75
2049,12,80,0.125,0.625,0.25
2050,206,80,0.5625,0.21875,0.21875
2051,194,80,0.5,0.5,0.0
2052,12,80,0.125,0.5,0.375
2053,206,80,0.53125,0.46875,0.0
2054,194,80,0.625,0.375,0.0
2055,227,40,0.4375,0.1875,0.375
2056,167,60,0.4166666666666667,0.5833333333333334,0.0
2057,227,40,0.6875,0.25,0.0625
2058,167,30,0.3333333333333333,0.4166666666666667,0.25
2059,206,80,0.375,0.625,0.0
2060,206,80,0.5625,0.4375,0.0
2061,206,80,0.34375,0.46875,0.1875
2062,194,80,0.21875,0.0,0.78125
2063,227,40,0.0,0.0625,0.9375
2064,227,40,0.25,0.75,0.0
2065,227,40,0.4375,0.25,0.3125
2066,194,80,0.0,0.5,0.5
2067,227,40,0.5625,0.4375,0.0
2068,194,80,0.6875,0.0,0.3125
2069,227,40,0.5,0.3125,0.1875
2070,33,40,0.6875,0.0,0.3125
2071,206,80,0.4375,0.5625,0.0
2072,167,30,0.3333333333333333,0.6666666666666666,0.0
2073,227,40,0.125,0.5625,0.3125
2074,194,80,0.375,0.4375,0.1875
2075,12,80,0.625,0.0,0.375
2076,227,40,0.75,0.25,0.0
2077,12,80,0.0,0.40625,0.59375
2078,167,30,0.8333333333333334,0.16666666666666666,0.0
2079,206,80,0.28125,0.0,0.71875
2080,206,80,0.40625,0.25,0.34375
2081,206,80,0.4375,0.21875,0.34375
2082,33,40,0.5,0.5,0.0
2083,12,80,0.375,0.375,0.25
2084,12,80,0.5,0.125,0.375
2085,206,80,0.0,0.03125,0.96875
2086,33,80,0.28125,0.0,0.71875
2087,167,60,0.5833333333333334,0.0,0.4166666666666667
2088,194,80,0.0625,0.3125,0.625
2089,12,20,0.0,0.25,0.75
2090,33,80,0.5625,0.3125,0.125
2091,194,10,0.0,0.25,0.75
2092,206,80,0.21875,0.5625,0.21875
2093,194,80,0.0,0.15625,0.84375
2094,167,30,0.6666666666666666,0.16666666666666666,0.16666666666666666
2095,194,10,0.75,0.25,0.0
2096,194,80,0.8125,0.15625,0.03125
2097,167,30,0.3333333333333333,0.6666666666666666,0.0
2098,227,40,0.0,0.0625,0.9375
2099,194,80,0.1875,0.40625,0.40625
2100,167,30,0.4166666666666667,0.5833333333333334,0.0
2101,12,20,0.625,0.0,0.375
2102,206,80,0.8125,0.0625,0.125
2103,206,80,0.96875,0.03125,0.0
2104,167,30,0.5833333333333334,0.08333333333333333,0.3333333333333333
2105,227,40,0.0,0.25,0.75
2106,206,80,0.5,0.5,0.0
2107,167,30,0.3333333333333333,0.6666666666666666,0.0
2108,227,40,0.0625,0.625,0.3125
2109,227,40,0.625,0.0,0.375
2110,206,80,0.46875,0.34375,0.1875
2111,194,80,0.4375,0.3125,0.25
2112,194,80,0.53125,0.03125,0.4375
2113,206,80,0.34375,0.65625,0.0
2114,167,30,0.4166666666666667,0.08333333333333333,0.5
2115,194,80,0.90625,0.03125,0.0625
2116,227,40,0.6875,0.3125,0.0
2117,12,80,0.21875,0.5,0.28125
2118,33,80,0.4375,0.1875,0.375
2119,206,80,0.21875,0.0,0.78125
2120,206,80,0.0,0.34375,0.65625
2121,33,40,0.8125,0.1875,0.0
2122,167,30,0.9166666666666666,0.08333333333333333,0.0
2123,206,80,0.59375,0.28125,0.125
2124,167,30,0.3333333333333333,0.4166666666666667,0.25
2125,206,80,0.0625,0.0625,0.875
2126,12,80,0.375,0.28125,0.34375
2127,33,80,0.59375,0.03125,0.375
2128,33,80,0.59375,0.1875,0.21875
2129,33,80,0.5625,0.09375,0.34375
2130,12,20,0.5,0.5,0.0
2131,194,80,0.125,0.0625,0.8125
2132,194,80,0.8125,0.0625,0.125
2133,167,30,0.25,0.4166666666666667,0.3333333333333333
2134,12,20,0.75,0.125,0.125
2135,33,80,0.125,0.65625,0.21875
2136,227,40,0.3125,0.375,0.3125
2137,227,40,0.125,0.125,0.75
2138,194,80,0.8125,0.1875,0.0
2139,194,80,0.375,0.25,0.375
2140,227,40,0.8125,0.0,0.1875
2141,33,40,0.25,0.75,0.0
2142,227,40,0.25,0.25,0.5
2143,33,40,0.1875,0.0,0.8125
2144,167,60,0.0,0.75,0.25
2145,206,80,0.90625,0.0625,0.03125
2146,227,40,0.3125,0.375,0.3125
2147,167,30,0.25,0.75,0.0
2148,206,80,0.0,0.3125,0.6875
2149,206,80,0.6875,0.0,0.3125
2150,12,80,0.0,0.4375,0.5625
2151,206,80,0.5625,0.4375,0.0
2152,33,80,0.5,0.34375,0.15625
2153,194,10,0.0,0.0,1.0
2154,206,80,0.59375,0.40625,0.0
2155,227,40,0.375,0.5625,0.0625
2156,33,40,0.5625,0.4375,0.0
2157,194,80,0.46875,0.53125,0.0
2158,167,30,0.3333333333333333,0.08333333333333333,0.5833333333333334
2159,227,40,0.0,0.1875,0.8125
2160,167,30,0.25,0.3333333333333333,0.4166666666666667
2161,206,80,0.0,0.46875,0.53125
2162,194,80,0.75,0.25,0.0
2163,12,80,0.0,0.84375,0.15625
2164,12,20,0.25,0.75,0.0
2165,167,30,0.0,0.8333333333333334,0.16666666666666666
2166,33,80,0.8125,0.0625,0.125
2167,206,80,0.5,0.15625,0.34375
2168,227,40,0.4375,0.25,0.3125
2169,167,30,0.5,0.25,0.25
2170,167,30,0.25,0.3333333333333333,0.4166666666666667
2171,227,40,0.375,0.1875,0.4375
2172,194,80,0.8125,0.09375,0.09375
2173,12,80,0.46875,0.28125,0.25
2174,194,80,0.5625,0.4375,0.0
2175,227,40,0.1875,0.8125,0.0
2176,33,80,0.53125,0.09375,0.375
2177,206,80,0.15625,0.0,0.84375
2178,194,80,0.53125,0.46875,0.0
2179,227,40,0.8125,0.1875,0.0
2180,194,80,0.375,0.375,0.25
2181,206,80,0.4375,0.1875,0.375
2182,227,40,0.0625,0.9375,0.0
2183,33,80,0.625,0.15625,0.21875
2184,167,30,0.25,0.75,0.0
2185,194,80,0.21875,0.09375,0.6875
2186,167,30,0.8333333333333334,0.16666666666666666,0.0
2187,12,80,0.375,0.21875,0.40625
2188,12,80,0.1875,0.375,0.4375
2190,167,30,0.25,0.25,0.5
2191,167,30,0.16666666666666666,0.5,0.3333333333333333
2192,167,30,0.3333333333333333,0.6666666666666666,0.0
2193,12,80,0.5625,0.3125,0.125
2194,12,80,0.34375,0.375,0.28125
2195,12,80,0.0,0.1875,0.8125
2196,206,80,0.0625,0.1875,0.75
2197,167,30,0.3333333333333333,0.5833333333333334,0.08333333333333333
2198,12,80,0.1875,0.125,0.6875
2199,206,80,0.34375,0.34375,0.3125
2200,194,80,0.46875,0.53125,0.0
2201,206,80,0.46875,0.125,0.40625
2202,227,40,0.6875,0.1875,0.125
2203,194,80,0.53125,0.0,0.46875
2204,206,80,0.53125,0.46875,0.0
2205,12,80,0.0,0.5,0.5
2206,194,80,0.59375,0.0,0.40625
2207,194,80,0.3125,0.0625,0.625
2208,206,80,0.09375,0.125,0.78125
2209,194,80,0.75,0.0625,0.1875
2210,33,80,0.3125,0.4375,0.25
2211,194,80,0.34375,0.0,0.65625
2212,33,40,0.4375,0.5625,0.0
2213,227,40,0.1875,0.25,0.5625
2214,227,40,0.0,0.25,0.75
2215,206,80,0.0,0.4375,0.5625
2216,227,40,0.25,0.375,0.375
2217,227,40,0.5,0.5,0.0
2218,33,80,0.90625,0.03125,0.0625
2219,194,80,0.78125,0.09375,0.125
2220,12,80,0.46875,0.1875,0.34375
2221,206,80,0.4375,0.40625,0.15625
2222,167,60,0.8333333333333334,0.08333333333333333,0.08333333333333333
2223,206,80,0.0625,0.5625,0.375
2224,167,30,0.08333333333333333,0.25,0.6666666666666666
2225,194,80,0.40625,0.0625,0.53125
2226,12,80,0.0,0.75,0.25
2227,33,40,0.1875,0.8125,0.0
2228,33,80,0.0,0.3125,0.6875
2229,12,80,0.0,0.5,0.5
2230,167,30,0.3333333333333333,0.4166666666666667,0.25
2231,12,80,0.3125,0.4375,0.25
2232,194,80,0.78125,0.1875,0.03125
2233,167,60,0.8333333333333334,0.0,0.16666666666666666
2234,33,80,0.65625,0.125,0.21875
2235,33,80,0.09375,0.125,0.78125
2236,167,30,0.5833333333333334,0.4166666666666667,0.0
2237,33,80,0.75,0.0625,0.1875
2238,167,30,0.5833333333333334,0.4166666666666667,0.0
2239,33,80,0.84375,0.03125,0.125
2240,194,80,0.28125,0.71875,0.0
2241,227,40,0.625,0.0625,0.3125
2242,227,40,0.375,0.3125,0.3125
2243,194,80,0.71875,0.0,0.28125
2244,33,40,0.5,0.0,0.5
2245,33,80,0.34375,0.5,0.15625
2246,227,40,0.5625,0.125,0.3125
2247,206,80,0.15625,0.1875,0.65625
2248,12,20,0.125,0.875,0.0
2249,194,80,0.34375,0.15625,0.5
2250,194,80,0.0625,0.46875,0.46875
2251,206,80,0.0,0.09375,0.90625
2252,167,60,0.75,0.08333333333333333,0.16666666666666666
2253,206,80,0.375,0.34375,0.28125
2254,12,20,0.0,0.5,0.5
2255,206,80,0.0625,0.0,0.9375
2256,12,80,0.0,0.5,0.5
2257,206,80,0.0,0.09375,0.90625
2258,206,80,0.0,0.40625,0.59375
2259,12,80,0.625,0.09375,0.28125
2260,12,80,0.03125,0.78125,0.1875
2261,227,40,0.0,0.25,0.75
2262,206,80,0.03125,0.03125,0.9375
2263,206,80,0.5625,0.0,0.4375
2264,206,80,0.03125,0.03125,0.9375
2265,33,80,0.25,0.625,0.125
2266,227,40,0.5,0.375,0.125
2267,12,80,0.625,0.375,0.0
2268,194,80,0.71875,0.09375,0.1875
2269,227,40,0.5625,0.125,0.3125
2270,12,80,0.4375,0.3125,0.25
2271,206,80,0.375,0.625,0.0
2272,167,30,0.9166666666666666,0.08333333333333333,0.0
2273,227,40,0.625,0.0625,0.3125
2274,194,80,0.59375,0.25,0.15625
2275,206,80,0.5625,0.21875,0.21875
2276,194,80,0.875,0.0,0.125
2277,167,30,0.0,0.3333333333333333,0.6666666666666666
2278,206,80,0.46875,0.53125,0.0
2279,167,30,0.5833333333333334,0.08333333333333333,0.3333333333333333
2280,33,80,0.34375,0.5,0.15625
2281,194,80,0.21875,0.4375,0.34375
2282,227,40,0.1875,0.75,0.0625
2283,167,30,0.6666666666666666,0.08333333333333333,0.25
2284,194,80,0.0,0.46875,0.53125
2285,12,80,0.28125,0.5,0.21875
2286,167,30,0.25,0.4166666666666667,0.3333333333333333
2287,12,80,0.25,0.53125,0.21875
2288,206,80,0.21875,0.78125,0.0
2289,227,40,0.0625,0.875,0.0625
2290,227,40,0.0625,0.625,0.3125
2291,206,80,0.875,0.125,0.0
2292,167,30,0.0,0.4166666666666667,0.5833333333333334
2293,33,80,0.3125,0.625,0.0625
2294,206,80,0.40625,0.59375,0.0
2295,33,40,0.25,0.0,0.75
2296,206,80,0.375,0.1875,0.4375
2297,12,80,0.125,0.84375,0.03125
2298,167,30,0.6666666666666666,0.08333333333333333,0.25
2299,12,20,0.75,0.0,0.25
2300,12,80,0.25,0.28125,0.46875
2301,12,80,0.21875,0.375,0.40625
2302,12,80,0.0,0.5,0.5
2303,12,80,0.0,0.59375,0.40625
2304,194,80,0.53125,0.375,0.09375
2305,194,80,0.0625,0.125,0.8125
2306,33,80,0.34375,0.0625,0.59375
2307,167,30,0.3333333333333333,0.3333333333333333,0.3333333333333333
2308,33,40,0.1875,0.125,0.6875
2309,206,80,0.125,0.0,0.875
2310,33,40,0.625,0.0,0.375
2311,167,30,0.75,0.08333333333333333,0.16666666666666666
2312,167,30,0.8333333333333334,0.08333333333333333,0.08333333333333333
2313,206,80,0.375,0.625,0.0
2314,206,80,0.0,0.0625,0.9375
2315,167,30,0.6666666666666666,0.3333333333333333,0.0
2316,194,80,0.375,0.0,0.625
2317,206,80,0.09375,0.0,0.90625
2318,206,80,0.125,0.71875,0.15625
2320,206,80,0.375,0.625,0.0
2321,227,40,0.5,0.1875,0.3125
2322,194,80,0.4375,0.15625,0.40625
2323,167,30,0.16666666666666666,0.8333333333333334,0.0
2324,227,40,0.0,0.3125,0.6875
2325,206,80,0.4375,0.3125,0.25
2326,194,80,0.3125,0.625,0.0625
2327,194,80,0.4375,0.0625,0.5
2328,167,30,0.8333333333333334,0.08333333333333333,0.08333333333333333
2329,12,80,0.40625,0.25,0.34375
2330,227,40,0.0,0.125,0.875
2331,194,80,0.21875,0.4375,0.34375
2332,33,80,0.21875,0.15625,0.625
2333,227,40,0.0625,0.3125,0.625
2334,206,80,0.53125,0.46875,0.0
2335,227,40,0.25,0.4375,0.3125
2336,12,20,0.75,0.25,0.0
2337,227,40,0.3125,0.375,0.3125
2338,12,20,0.125,0.875,0.0
2339,227,40,0.375,0.3125,0.3125
2340,12,80,0.59375,0.09375,0.3125
2341,227,40,0.125,0.875,0.0
2342,206,80,0.09375,0.84375,0.0625
2343,12,80,0.40625,0.375,0.21875
2344,167,30,0.25,0.4166666666666667,0.3333333333333333
2345,167,30,0.5833333333333334,0.4166666666666667,0.0
2346,33,80,0.8125,0.15625,0.03125
2347,12,80,0.4375,0.25,0.3125
2348,194,80,0.4375,0.0,0.5625
2349,206,80,0.0,0.46875,0.53125
2350,194,80,0.53125,0.4375,0.03125
2351,206,80,0.78125,0.0,0.21875
2352,167,30,0.4166666666666667,0.25,0.3333333333333333
2353,33,80,0.9375,0.03125,0.03125
2354,33,40,0.9375,0.0,0.0625
2355,206,80,0.6875,0.3125,0.0
2356,167,30,0.8333333333333334,0.08333333333333333,0.08333333333333333
2357,194,80,0.9375,0.0625,0.0
2358,33,80,0.75,0.0625,0.1875
2359,206,80,0.9375,0.0625,0.0
2360,227,40,0.4375,0.5625,0.0
2361,167,30,0.4166666666666667,0.5833333333333334,0.0
2362,194,80,0.375,0.625,0.0
2363,194,80,0.09375,0.375,0.53125
2364,227,40,0.6875,0.3125,0.0
2365,227,40,0.5,0.5,0.0
2366,206,80,0.0,0.28125,0.71875
2367,167,30,0.6666666666666666,0.3333333333333333,0.0
2368,12,80,0.28125,0.3125,0.40625
2369,206,80,0.375,0.28125,0.34375
2371,194,80,0.71875,0.03125,0.25
2372,194,10,1.0,0.0,0.0
2373,33,80,0.8125,0.03125,0.15625
2374,227,40,0.625,0.25,0.125
2375,194,80,0.65625,0.34375,0.0
2376,206,80,0.0,0.5625,0.4375
2377,33,80,0.34375,0.1875,0.46875
2378,167,30,0.6666666666666666,0.3333333333333333,0.0
2379,206,80,0.21875,0.03125,0.75
2380,227,40,0.25,0.3125,0.4375
2381,206,80,0.40625,0.34375,0.25
2382,227,40,0.4375,0.1875,0.375
2383,206,80,0.0625,0.09375,0.84375
2384,206,80,0.46875,0.34375,0.1875
2385,167,30,0.3333333333333333,0.6666666666666666,0.0
2386,227,40,0.875,0.0,0.125
2387,33,40,0.875,0.0,0.125
2388,33,40,0.0,0.5625,0.4375
2389,167,30,0.25,0.75,0.0
2390,227,40,0.8125,0.0625,0.125
2391,33,40,0.3125,0.25,0.4375
2392,227,40,0.0,0.625,0.375
2393,12,80,0.3125,0.3125,0.375
2394,194,80,0.5625,0.4375,0.0
2395,194,80,0.53125,0.46875,0.0
2396,33,40,0.75,0.25,0.0
2397,167,30,0.4166666666666667,0.5833333333333334,0.0
2398,206,80,0.4375,0.5625,0.0
2399,33,80,0.3125,0.1875,0.5
2400,206,80,0.875,0.09375,0.03125
