id,relaxation_step_number,formation_energy_ev_natom,bandgap_energy_ev
1,-1,0.18582861602681078,3.69504447
2,-1,0.34414230789934663,3.28357416
3,-1,1.066726781655234,0.02594243
4,-1,0.6405240486856201,3.82840003
5,-1,0.10728667666626279,1.27098013
6,-1,1.0217263495633233,0.00632133
7,-1,0.14033201334314072,1.01483369
8,-1,1.0265563359462249,2.34906208
9,-1,0.5670580268088088,2.67850277
10,-1,0.2714278771645695,2.76043508
11,-1,0.11592351505896659,4.16632384
12,-1,0.35816135060940724,3.23044605
13,-1,0.1496460122825738,4.18706784
14,-1,0.10470100372003799,2.46367594
15,-1,0.9546110001974739,1.63647685
16,-1,0.7299828809664177,2.29912357
17,-1,0.4211101343344126,3.7748317
18,-1,0.4888658682102687,1.28886455
19,-1,0.5381599542397453,2.86640424
20,-1,0.7234204125961696,1.83361599
21,-1,0.3618477946474741,1.09361365
22,-1,0.1184561583932009,4.24994942
23,-1,0.7168698955410946,3.51332201
24,-1,0.5609478047881566,1.49857273
25,-1,0.31161023608092364,4.33000906
26,-1,0.5660483488236423,3.81818342
27,-1,1.0934762790293462,0.1386504
28,-1,1.0528510449876194,0.0481181
29,-1,0.5352782671616296,1.60894297
30,-1,0.5317186897264037,3.54306574
31,-1,0.7148748054623866,1.83303731
32,-1,1.3193710419182025,0.01193573
33,-1,1.0132143226655899,2.53877226
34,-1,0.5311564513613121,2.89522093
35,-1,0.3203518767077185,1.30063255
36,-1,0.49404360961489147,2.33577284
37,-1,0.9001992078083276,2.23337178
38,-1,0.8201398397432058,1.72279645
39,-1,0.8144251202975283,0.89004476
40,-1,0.5702338426453935,1.17266715
41,-1,0.6016876151079487,2.0314159
42,-1,0.5274053562925474,3.64246648
43,-1,0.9219086970279022,2.77530434
44,-1,0.2463850268668466,4.12373925
45,-1,0.5173316229502234,2.38589511
46,-1,0.07664547998047055,3.07261343
47,-1,0.6042124945770411,2.97970635
48,-1,0.6675114569497964,2.99047838
49,-1,0.7600196477687859,0.00087648
50,-1,0.3146754972499366,3.76173523
51,-1,0.5467879350726434,2.89390214
52,-1,0.12772817122822744,2.92556371
53,-1,0.21492270920134615,1.09462527
54,-1,0.9627344457476283,1.83628892
55,-1,0.9948592610135165,0.04211551
56,-1,0.12241767809882731,3.9699067
57,-1,0.9382298648415599,2.09738457
58,-1,0.25770249313609384,2.2130177
59,-1,0.12440350643373677,3.95732544
60,-1,0.14832009238489263,3.85596847
61,-1,0.3470055479738221,1.75623736
62,-1,0.6485497518860939,3.08867792
63,-1,0.9636846819194034,0.00078368
64,-1,1.5949129036062004,0.00064417
65,-1,0.1449993408004957,2.54940751
66,-1,0.4312964254495455,2.09138226
67,-1,0.849757747255353,2.21023261
68,-1,0.7047246250658645,1.97949228
69,-1,0.15414695445088,2.79228855
70,-1,1.6187041631883403,0.0043361
71,-1,1.204247786936321,0.03294691
72,-1,0.43506714655450196,3.26565051
73,-1,0.6201456680537376,1.28605919
74,-1,0.10377389533005044,4.53077474
75,-1,0.5969855750754505,2.51152938
76,-1,0.4466613173826772,1.69083398
77,-1,0.2958971592283888,3.82375685
78,-1,0.5035015547582589,1.26478112
79,-1,0.4380011704597564,2.38260225
80,-1,0.5805418126783479,2.18230836
81,-1,0.8048851300463866,2.51056125
82,-1,0.06545827018271666,2.78837504
83,-1,0.6205364784000267,1.41411199
84,-1,0.34173859403381357,1.33036023
85,-1,1.440045921322053,0.00831932
86,-1,0.17906353956732346,3.53776945
87,-1,0.6123122465396591,2.26408272
88,-1,0.12875087032625743,3.67437525
89,-1,1.0142625587286602,0.01976169
90,-1,0.5701534429681487,1.93011075
91,-1,0.5828698068762606,2.41507555
92,-1,0.2054470132679853,1.04690738
93,-1,1.1487208850121533,0.05685896
94,-1,0.3238037082110168,3.49790811
95,-1,0.46891429249626526,2.64814289
96,-1,0.31456184051876335,3.73704243
97,-1,0.007252626164699905,0.90974376
98,-1,0.0897743001814888,2.81301351
99,-1,0.2849163860992121,0.86304885
100,-1,0.17312224862962466,3.30630857
101,-1,0.10035255309048807,0.98767574
102,-1,0.21890974726375134,1.85879058
103,-1,0.1618966388377885,3.74921261
104,-1,0.6296736489639443,3.67230781
105,-1,0.05531590466944181,3.53192582
106,-1,0.17247400247924816,3.31958175
107,-1,0.14757729373286566,3.78736049
108,-1,0.9142221489491931,2.2261795
109,-1,0.9066631785663049,2.5907711
110,-1,0.6416809378060861,2.32004477
111,-1,0.6783629384153755,2.42211318
112,-1,0.25812977422901895,1.3176001
113,-1,0.12732994911857531,2.24111997
114,-1,0.6550246078495547,2.7642689
115,-1,0.19572548195810668,4.66316721
116,-1,0.3616996837354236,1.62088608
117,-1,0.9069097482733923,1.6958191
118,-1,1.4172396920184838,0.01440563
119,-1,0.6009649354928115,2.34744853
120,-1,0.7744098401599331,2.05093716
121,-1,1.0839987998679135,0.00636891
122,-1,0.6909086588348146,2.6436894
123,-1,0.48421384252833377,3.77487622
124,-1,0.49833885741463746,1.69909443
125,-1,0.502380606603765,2.36307272
127,-1,0.15423316646774765,0.99160304
128,-1,0.6530822807690129,2.14573369
129,-1,0.6209313868930622,2.44292266
130,-1,0.7741768946289085,2.93280894
131,-1,0.7189007671422587,2.81416446
132,-1,0.6181653496787476,2.10112061
133,-1,0.4045766549279506,2.15746681
134,-1,0.981051684502745,1.44546913
135,-1,0.5684387129622337,2.14203334
136,-1,0.2265754891141114,3.27022299
137,-1,0.10063712977625983,3.41880779
138,-1,0.09533831290923445,5.05001798
139,-1,0.5182650433016533,2.65604247
140,-1,0.8933380233429489,2.11333881
141,-1,0.6837657844334899,3.16767917
142,-1,0.4186950021357916,1.43468017
143,-1,0.9472033124620793,1.97514213
144,-1,0.7270882502598397,1.5106702
145,-1,0.7005447094161354,1.55857454
146,-1,0.18336425189772854,1.099724
147,-1,0.17346802706470044,3.61650571
148,-1,0.5414551967442094,2.95548718
149,-1,0.1516173599702597,2.93710811
150,-1,0.21846039988304256,1.04019628
151,-1,0.9965962246860727,2.3279641
152,-1,0.4187974208161904,2.68493957
153,-1,1.4372331461163412,0.00088324
154,-1,0.30586847052745725,4.60855529
155,-1,0.6199200625724188,3.56650173
156,-1,0.34163848011303344,1.52556005
157,-1,0.6470620770141977,2.48183259
158,-1,0.5742451222977252,1.62252624
159,-1,0.9424221699919144,0.00493217
160,-1,0.10545658616138098,4.56235007
161,-1,0.42428158683833317,1.78751442
162,-1,0.27813272272396716,1.20231243
163,-1,0.21714344462452573,2.61027448
164,-1,0.046459178720397176,2.44228543
165,-1,0.6563148847453704,2.37637564
166,-1,0.40344307926716283,1.23059198
167,-1,0.6202633457269258,1.69343439
168,-1,1.4520889955019811,0.00711334
169,-1,0.434628830435031,3.02854686
170,-1,0.12611610809926788,3.99637543
171,-1,0.8925602056569915,2.63881188
172,-1,0.891033381590205,0.00181486
173,-1,1.0243755647570651,0.0019892
174,-1,0.8372376045736019,1.93664847
175,-1,0.2401142018425162,1.17011968
176,-1,0.10424932283058297,4.59539065
177,-1,0.5387442867777281,3.42063207
178,-1,0.3127524686351535,1.215429
179,-1,0.8352276693676686,2.00110612
180,-1,0.6924163853000209,2.38614127
181,-1,1.1824731835076818,0.00464211
182,-1,0.5507590382421768,2.32925518
183,-1,0.42820109350032,2.5290802
184,-1,0.05972954601929814,2.51737832
185,-1,0.8867592138267355,1.83047426
186,-1,0.20854316782788374,1.0485804
187,-1,0.09053829086951737,2.6313007
188,-1,0.5480033790809102,2.37777497
189,-1,0.6402880150017154,1.55646717
190,-1,1.1599547663354315,0.15967283
191,-1,0.09348144748400955,3.3305019
192,-1,0.9211463555220689,0.03930385
193,-1,0.3990990340207645,1.27225064
194,-1,0.2732646826598284,3.42103995
195,-1,1.2210979838346248,0.00279222
196,-1,0.8807181721567758,2.09758679
197,-1,0.7473428125194914,2.28212538
198,-1,0.5583213404497656,2.63155499
199,-1,0.4942441276034515,2.71642635
200,-1,0.15172220146268955,1.07289068
201,-1,0.5393045034088573,2.83626974
202,-1,0.47648729507272947,1.14797541
203,-1,0.09624319562135497,0.93005794
204,-1,0.5974710956070339,0.95557172
205,-1,0.6538922468826058,2.33987627
206,-1,0.32337253251171205,1.25195582
207,-1,0.12338901449311379,3.60734665
208,-1,0.6481325006097904,2.48447882
209,-1,1.0522486619356641,0.01385281
210,-1,0.49818636014606454,1.98836898
211,-1,0.6410982084707939,2.68449808
212,-1,0.6203519725022488,2.3877781
213,-1,0.4385577678658592,1.36042734
214,-1,1.0304800719404739,0.01510606
215,-1,0.31242372810538654,3.43473426
216,-1,0.4218745992602635,2.38797863
217,-1,0.5005243782125035,4.0536709
218,-1,0.3274627517112094,1.9347625
219,-1,0.4539531632053695,3.15644447
220,-1,0.6595051348995185,2.03018082
221,-1,0.28788595851438004,1.13699387
222,-1,1.003047308895475,0.01008565
223,-1,0.7004501344454184,1.93377946
224,-1,0.4320524085096622,3.69947865
225,-1,0.6332860081056424,1.70941202
226,-1,0.31767818161824835,1.42125472
227,-1,0.3138636827452501,4.33302323
228,-1,0.5222363948632847,2.1031183
229,-1,0.3258144806113705,1.56801298
230,-1,0.5982816657433432,2.45735386
231,-1,0.7787966503565258,1.23255179
232,-1,0.7711307902627595,0.02054679
233,-1,0.17565963632478088,3.21126222
234,-1,0.6033315788909022,3.45972868
235,-1,0.6833858760910516,1.18281609
236,-1,0.6997765264895861,2.50473444
237,-1,0.5890475472097023,2.31031682
238,-1,0.604859979594039,3.07053233
239,-1,0.467322990239154,3.85241641
240,-1,0.5793430123048893,2.44389308
241,-1,1.0391424797126092,0.0290751
242,-1,0.13506263960152864,0.9969589
243,-1,0.662383780354503,3.28888193
244,-1,0.11558086644072318,3.15825548
245,-1,0.8828454377726302,1.61798769
246,-1,0.639846593276161,2.16743038
247,-1,0.933981735170164,2.53177421
248,-1,0.12174560087260033,3.39681478
249,-1,0.766331450022335,2.32239782
250,-1,0.9585263460212445,0.03243331
251,-1,0.18758369060833502,3.89905604
252,-1,0.7264383427718712,0.00423417
253,-1,0.7810451483965153,2.13886867
254,-1,0.12604186352746183,3.44258956
255,-1,0.5757416134383675,1.88740494
256,-1,0.7039475225246861,1.93789205
257,-1,0.20857077655819012,1.05055114
258,-1,0.6555908792142873,2.14820104
259,-1,0.17018544904203736,3.38131958
260,-1,0.0889189901863574,2.78666784
261,-1,0.44936273076928046,2.28362117
262,-1,0.5067882973526139,1.81104687
263,-1,0.15705053476267494,2.97569147
264,-1,1.5380834674397192,0.02287452
265,-1,0.3564318901317165,3.41546356
266,-1,0.9322789227144312,0.72535509
267,-1,0.6515298876820452,2.35072808
268,-1,0.1752284202939336,3.4067876
269,-1,0.6296660692805744,2.57213959
270,-1,0.08814653685476515,3.09611721
271,-1,0.0776785092693899,1.8734709
272,-1,0.5800353852373519,2.23864947
273,-1,0.619878592015084,2.18925731
274,-1,1.4752022389666308,0.00355988
275,-1,0.5700577792413242,1.82575275
276,-1,0.6563197122704878,1.60580538
277,-1,0.08544943774722924,2.25392867
278,-1,0.6051096892952046,1.28541239
279,-1,0.2733269389409543,3.31800026
280,-1,1.2573197994333896,0.05116959
281,-1,0.34002033185970504,3.45198766
282,-1,0.18734310737727355,3.54119815
283,-1,0.5296735150477616,2.50407825
284,-1,0.12471003949031001,3.70851815
285,-1,0.5823833295653458,2.01398253
286,-1,0.8541202998640074,0.01814328
287,-1,0.4087130809784867,2.82586271
288,-1,0.9461542198641837,1.43025788
289,-1,0.9422901221387292,0.0057973
290,-1,0.30388627435968374,3.21847451
291,-1,0.6888842369517079,1.18702466
292,-1,0.32032561395681114,1.21887027
293,-1,0.8848230814692215,0.96759965
294,-1,0.12152229874118348,4.72809705
295,-1,0.48217678882792825,2.48034258
296,-1,0.6916017466573976,0.00010844
297,-1,0.3139818234012637,1.31531199
298,-1,1.2352151052891713,0.00513993
299,-1,0.9062467742342051,0.01370635
300,-1,0.10038693559181411,0.98770244
301,-1,1.3636946633960179,0.04666636
302,-1,0.15977976695921825,3.49459034
303,-1,0.3048914588180196,1.55350446
304,-1,1.069563222808938,0.01340732
305,-1,1.0516796281126517,0.04081901
306,-1,0.2392565813897818,1.07617569
307,-1,0.7449121130412095,1.24053113
309,-1,0.5801846582107828,1.55344181
310,-1,0.5444234449623764,2.7037879
311,-1,0.10039367651188513,0.98787493
312,-1,0.33493584075586114,1.88394906
313,-1,0.7182896738231648,3.27784634
314,-1,0.16790938893791463,3.56501477
315,-1,0.970053280598222,0.03994446
316,-1,1.0966155859114224,0.00179308
317,-1,0.1014844272776827,3.41895908
318,-1,0.176473150968377,1.09238313
319,-1,0.4722701910395699,1.32221194
320,-1,0.6738390121427074,1.49870596
321,-1,0.4436101800274628,2.39526931
322,-1,1.2946330218574076,0.00829794
323,-1,0.5243714187145088,3.28037652
324,-1,0.1308687532082331,3.02063653
325,-1,0.3650657975595095,2.43253652
326,-1,0.36939018617658803,4.39271188
327,-1,1.556257093188833,0.0018678
328,-1,0.45810427773176343,2.13760268
329,-1,0.513656159673701,1.92773036
330,-1,0.5259442479928111,1.98878415
331,-1,0.16985893102173577,2.70758311
332,-1,0.28613351727472036,1.11907553
333,-1,0.42088952312951733,2.32595726
334,-1,0.524332268305443,1.16098394
335,-1,0.7803907673405774,0.00635031
336,-1,0.2877033557024333,2.87207606
337,-1,1.0342873981790035,1.81456418
338,-1,0.7637761812475219,1.76597972
339,-1,0.5787176209196332,2.06673702
340,-1,1.0823966227189885,0.0089584
341,-1,0.2882308148764423,1.17871627
342,-1,0.12907392365832493,3.71281948
343,-1,0.055722628944749886,3.71987255
344,-1,0.4908877873822348,1.65716432
345,-1,0.7196916268821951,2.59054057
346,-1,0.49827434402686777,2.49453757
347,-1,0.6259574900832376,2.33336907
348,-1,0.4884683907221188,2.31636155
349,-1,0.5955252090643626,1.86177684
350,-1,0.6556753917539027,1.92109544
351,-1,0.17272661675178824,3.30389085
352,-1,0.4726382016087882,1.63098213
354,-1,0.1761114393502794,3.39032972
355,-1,0.7602125715766306,2.960525
356,-1,0.10723715447966242,1.286113
357,-1,0.6583406427171212,3.57202505
358,-1,0.8699076578159293,1.54862309
359,-1,0.17321276112852502,3.55339646
360,-1,1.1975084136065561,0.006529
361,-1,0.8333688165112108,0.00273225
362,-1,1.1425825911283027,0.0054031
363,-1,1.0131529558157126,0.04992904
364,-1,0.14693503704620525,2.52079045
365,-1,0.5853953188488958,1.07668694
366,-1,0.41458957213762915,2.83054854
367,-1,0.6379033589473693,1.94151987
368,-1,0.3979643338971073,1.30399576
369,-1,0.8786499340203591,1.55603665
370,-1,0.1282969653220789,3.6502761
371,-1,0.6223881136975251,2.44836495
372,-1,0.6106925934363971,1.39176195
373,-1,0.1154421851697407,2.08733647
374,-1,0.1813294566454715,2.73250057
375,-1,0.4879400663594424,2.72603982
376,-1,0.7124385967654234,2.00640102
377,-1,0.17112778747559787,3.15858893
378,-1,0.7674311261598632,3.06594527
379,-1,0.12943593772433815,1.30258659
380,-1,0.1351917066540409,4.36555485
381,-1,0.18175974330915778,3.02234356
382,-1,0.5646920170784142,2.27123101
383,-1,0.3134999478743339,4.04043514
384,-1,0.8178249141383276,2.32188908
385,-1,0.3339354681702389,1.17876813
386,-1,0.30089478774243616,1.16720174
387,-1,0.6134801616462937,1.50071606
388,-1,0.30039263579965336,3.26931702
389,-1,0.635785157992359,3.15408669
390,-1,1.7737124037648755,0.00741872
391,-1,0.08472515227822441,4.75282655
392,-1,0.8827775065310561,0.11130222
393,-1,0.14454827853114693,4.55267257
394,-1,0.884035667986609,2.53544618
395,-1,0.8476977975260525,1.50753887
396,-1,1.5082455049150667,0.00225911
397,-1,0.5305045729892299,2.60857626
398,-1,0.34402900028908334,3.01773358
399,-1,1.0864847319589899,0.00305266
400,-1,0.7522021757449693,2.98898375
401,-1,1.1535120431835821,0.01066399
402,-1,0.2989375091419788,4.83267054
403,-1,0.1465886299729391,3.43108168
404,-1,0.7348256291061261,3.00949523
405,-1,0.990610753196961,0.00784655
406,-1,0.6877294571313541,1.44572437
407,-1,0.09182956727727287,4.81277687
408,-1,0.5824069735444937,3.20888659
409,-1,0.5317081114662869,1.69709218
410,-1,0.7162582932687656,1.62792205
411,-1,0.7142786494659958,1.73090126
412,-1,0.10751790441645426,2.33884694
413,-1,0.8582560062131961,1.89527577
414,-1,0.8346975857602956,2.10373748
415,-1,0.19014821602468146,2.43188884
416,-1,0.7253313444380183,1.76018123
417,-1,0.47078965817490825,2.37068536
418,-1,0.457785867192797,2.01430394
419,-1,0.4720446441024251,0.99106907
420,-1,0.4925488509616116,1.6260409
421,-1,0.6816597993929463,2.16736599
422,-1,0.3340954770692406,3.593333
423,-1,0.472066381107652,2.4633406
424,-1,1.2149946850877313,0.00494842
425,-1,0.5908290079332801,2.47606471
426,-1,0.3194959151551302,1.2567112
427,-1,1.000805840067187,0.00381202
428,-1,0.7249680653148971,1.95085463
429,-1,0.15050087649797206,1.01041144
430,-1,0.12473056643557356,3.98239672
431,-1,0.2152682302721587,4.42305926
432,-1,0.5981348482600879,2.95532168
433,-1,1.1040055927242065,0.19120519
434,-1,0.25569329356585513,1.08614333
435,-1,0.6144327725633048,2.09030512
436,-1,0.7773912653829029,1.90887814
437,-1,0.4142212302213011,0.9846977
438,-1,0.1623026961215146,3.09840746
439,-1,0.5529864014715713,1.99994698
440,-1,1.4796770309840213,0.01146249
441,-1,0.5340358532339451,2.94272162
442,-1,0.42793926077138167,1.28415891
443,-1,0.3116904594571679,1.13085499
444,-1,0.54508297826942,2.95635043
445,-1,0.15643616435681906,3.64665149
446,-1,0.6881714964947605,2.38958408
447,-1,0.14770015162866912,1.35018379
448,-1,0.6419063112116419,2.7064991
449,-1,0.2698952423884293,4.06057009
450,-1,0.5064752812722872,1.7514604
451,-1,0.6865003178063489,2.42860766
452,-1,0.6988981546237483,2.20042654
453,-1,0.4246852895266784,1.49041013
454,-1,0.3034103218578821,3.21434162
455,-1,0.3693779699278821,4.39275074
456,-1,0.6290333416109206,1.73550454
457,-1,0.7262537667884317,3.44526349
458,-1,0.12840643671097496,3.43923679
459,-1,0.9596690891794424,0.0015921
460,-1,0.6537853833106055,1.36820959
461,-1,0.30114177136965736,2.38767587
462,-1,0.4194214967537846,1.45767573
463,-1,0.5626612916057638,2.61618939
465,-1,0.5970143454942445,0.00261166
466,-1,1.5858335344637453,0.00768094
467,-1,0.03237461065509706,0.91649277
468,-1,0.33096797449616133,0.90126407
469,-1,0.821114033988124,1.41333304
470,-1,0.1653451568517994,3.16576887
471,-1,0.4759245712921256,1.52261002
472,-1,0.7227441522809386,2.61920919
473,-1,0.48943215343570046,2.6763418
474,-1,1.281756886119183,0.0021169
475,-1,0.5684739161824837,3.18176578
476,-1,0.6675327491939242,1.64922893
477,-1,1.3085396608312294,0.00968381
478,-1,0.3043032646701249,3.21771317
479,-1,0.7695062354468973,1.60304497
480,-1,0.2070588340939139,1.05092181
481,-1,0.21900164091221086,2.75545932
482,-1,0.8253523687562847,2.09327949
483,-1,0.38616050662312773,1.70764711
484,-1,0.29576260835710855,3.1237213
485,-1,0.5388117180700647,2.21477084
486,-1,0.9596728235192131,0.02615157
487,-1,0.6265189925215964,1.94983036
488,-1,0.16140230083692586,1.06178443
489,-1,0.9356244084392529,0.01547151
490,-1,0.17184016205646913,3.01887289
491,-1,0.7581451749138068,3.01289807
492,-1,0.12757457670886652,3.40680639
493,-1,0.6093440364020353,2.06680574
494,-1,0.12700718643827713,3.96307377
495,-1,0.6282739313246566,1.54004916
496,-1,0.5038796689586889,2.66752956
497,-1,0.3012523820325441,0.91917234
498,-1,0.4279355683866015,2.45561977
499,-1,1.1076094862983155,2.33276592
500,-1,0.6153396417812473,2.51255333
501,-1,0.17397717925177858,3.31067763
502,-1,0.5202112701408623,0.42222612
503,-1,0.12380594227124675,3.9059565
504,-1,0.08502956977736176,4.81036111
505,-1,0.17849356418082607,1.73928716
506,-1,0.3569187512039207,0.89173962
507,-1,0.4159109194006305,2.59855206
508,-1,0.11818963505902502,4.21678498
509,-1,0.3740762968936906,3.22807367
510,-1,0.16783257873612456,3.69933433
511,-1,0.5696296528185485,2.45932168
512,-1,0.12866625032529555,3.67298829
513,-1,1.1594389883475742,0.00324506
514,-1,0.7422144347583526,1.65881845
515,-1,0.34301177352972445,0.94540904
516,-1,0.6268793509752868,3.01971093
517,-1,1.517618239759031,0.03163771
518,-1,1.8809141588235434,0.00493971
519,-1,0.8478617800756183,1.95294176
520,-1,0.3473106478304544,2.9554581
521,-1,0.5747539718504413,2.29221109
522,-1,0.47168525312372367,2.30389462
523,-1,1.2755528872366995,0.00723428
524,-1,0.7499917592213023,2.16069398
525,-1,0.5972999976620486,2.11248411
526,-1,0.4181306029749976,1.49689862
527,-1,0.7044077284717787,0.00090272
528,-1,0.12585125393343333,3.96177299
529,-1,0.12057125268256641,2.86066303
530,-1,0.034629327838047175,5.51050313
532,-1,0.6214110290784447,2.42142454
533,-1,0.6665299513588252,1.83109291
534,-1,0.9797599202920537,1.62756487
535,-1,0.5279933844212792,2.59750245
536,-1,0.7164333988021099,2.83400451
537,-1,0.6424341591809934,2.18270364
538,-1,0.08076889769199624,3.71458808
539,-1,1.2701134673807246,0.00541177
540,-1,0.13548061893288832,3.08437721
541,-1,0.8447295254154596,0.02810446
542,-1,0.4630101915790874,1.67867626
543,-1,1.0776524185325798,0.02536525
544,-1,0.4808872800003883,2.62904015
545,-1,0.8415049798531982,0.00034266
546,-1,1.020535012585242,0.00698558
547,-1,0.17134997695848142,3.46028027
548,-1,0.766015318040445,1.44769344
549,-1,0.11735945838609041,4.24701286
550,-1,0.6245887584009324,2.40893409
551,-1,0.8097638575782184,1.1820108
552,-1,0.64229762640025,1.69430324
553,-1,0.5416612191766035,1.41049487
554,-1,1.1789910058723763,0.00751256
555,-1,0.6598314941584249,1.43268036
556,-1,1.5994290990420268,0.03773451
557,-1,0.5385225917962089,1.13054878
558,-1,0.193900150625268,1.12726627
559,-1,1.039683123526629,0.01878737
560,-1,0.8694702894490547,0.05361004
561,-1,0.13017763866173482,3.69306793
562,-1,0.9837300373783364,2.85252566
563,-1,0.17229174121894175,2.55647079
564,-1,0.6190345115010132,2.31868264
565,-1,0.5519705788174178,2.76085862
566,-1,0.31677025539011083,2.67732585
567,-1,0.7202744480491674,3.46571665
568,-1,0.9240325308201136,2.12236048
569,-1,0.3372993809171021,1.2954899
570,-1,0.48915920133367763,1.28286802
571,-1,0.9205018138163723,0.0017036
572,-1,0.39223142055561766,1.32390623
573,-1,0.725574180842159,3.70840924
574,-1,0.6232406642448041,3.60665229
575,-1,0.39034748929225316,2.54829548
576,-1,0.33222660940737114,0.99407789
577,-1,0.6512557803944219,1.31287648
578,-1,0.045021590594842564,2.23919439
579,-1,0.08835333268507384,2.78874285
580,-1,0.3081434345403977,1.62270881
581,-1,0.35146398533925094,3.3999252
582,-1,1.323724878629946,0.00103784
583,-1,0.55236891507775,2.23568622
584,-1,0.5449348709043988,1.60683331
585,-1,0.08927037768444279,2.80355075
586,-1,0.09956634245099849,0.98838883
587,-1,0.6770454371599044,2.46957844
588,-1,0.9244257185491733,0.16562301
589,-1,1.1845714217452041,0.00563724
590,-1,0.3156896130167297,3.80991959
591,-1,0.6259368238352181,1.05766653
592,-1,0.6562380623472563,1.97639575
593,-1,0.4818822245943011,1.72982473
594,-1,0.6830131767310377,2.35072452
595,-1,0.5874050347665616,1.31938341
596,-1,0.12703217837497505,3.37365709
597,-1,1.458585329592097,0.00710758
598,-1,0.6839370861962379,1.35032924
599,-1,0.24735193122069177,2.38344984
600,-1,0.5506341222644551,0.0056244
601,-1,0.14944067022952368,1.01153613
602,-1,0.29918253547293716,1.31159041
603,-1,1.089187437489727,0.01585088
604,-1,0.7043856701966433,2.13329206
605,-1,0.1301776561558654,3.69306791
606,-1,0.6040267085427331,1.67916618
607,-1,0.17244236862552498,3.34259573
608,-1,1.6738611181517626,0.00484818
609,-1,0.4203733917711361,1.41144114
610,-1,0.5519240834109951,2.38190022
611,-1,0.34333364790199994,3.28463471
612,-1,0.7315029752317059,1.89944985
613,-1,0.5170439745052136,1.81577097
614,-1,0.6075083439282025,2.40673664
615,-1,0.2423432386967761,1.09621413
616,-1,0.858084738197249,0.00776915
617,-1,0.6961175185642787,1.67267692
618,-1,0.12904893198992795,3.68787053
619,-1,0.5005010373815821,4.0098514
620,-1,1.5072342686107731,0.00665655
621,-1,0.6078684628573683,2.15350697
622,-1,0.7036849068299489,2.84202939
623,-1,0.31484267417908995,1.35406702
624,-1,0.3913510937763931,2.7169598
625,-1,0.16681650341979548,3.150474
626,-1,1.0111998862521432,2.34022347
627,-1,0.6481513232574798,1.64579866
628,-1,0.04909050967626172,4.0298065
629,-1,0.22277959807979641,3.88778487
630,-1,1.4591695567469287,0.00598804
631,-1,0.5037748293307232,4.31926288
632,-1,0.5763272772492201,1.95460545
633,-1,0.510138454983462,2.07399948
634,-1,1.2448821854923153,0.00634215
635,-1,0.35181095478037605,3.07016504
636,-1,0.243231238498538,4.20986786
637,-1,0.1577487362192187,1.22489026
638,-1,1.2069375792270876,0.01017934
639,-1,0.9553761142797157,2.04996697
640,-1,0.1773047322058119,1.09146113
641,-1,0.2700097561501025,1.20054741
642,-1,0.28693327574728755,1.46751567
643,-1,0.5586579645569145,1.15262661
644,-1,0.368711577502836,1.61232806
645,-1,0.5647161184242577,1.94811212
646,-1,1.0530314414063469,0.00376661
647,-1,0.703889455216995,2.15106476
648,-1,0.24878467796952464,3.78146835
649,-1,0.5165238754307211,2.24111981
650,-1,0.10518021616462647,4.53449474
651,-1,0.25022217599826035,4.22358459
652,-1,0.9000109221778985,2.24863769
653,-1,0.11173401670930616,2.10480593
654,-1,0.5741489992942661,2.19648564
655,-1,1.113776600886922,0.01623031
656,-1,0.7801218140411947,2.81856879
657,-1,0.5219325256439333,1.85373507
658,-1,0.5865736434861901,2.78055269
659,-1,0.6745844841771031,2.2116525
660,-1,0.3482738952880027,1.31413152
661,-1,0.39134443867624213,2.16863199
662,-1,0.2475950393909443,2.99343135
663,-1,0.10235862285298936,2.33313286
664,-1,0.7338309948499955,2.51295238
665,-1,0.43570070499754365,3.12825686
666,-1,0.06255515983866644,1.23048097
667,-1,0.30801199643519794,2.72898116
668,-1,0.6508638362902275,3.19877384
669,-1,0.13526167518193688,3.10423098
670,-1,0.16613299528671632,3.146201
671,-1,0.5398257020760866,0.13346053
672,-1,0.48915920133367763,1.28286806
673,-1,0.5984824881306849,3.37668794
674,-1,0.4413208120058698,1.0796575
675,-1,0.6787163010449149,1.6411121
676,-1,0.07673713227632106,3.38774903
677,-1,1.575155721466217,0.0030794
678,-1,0.12598586643434828,3.95735116
679,-1,0.30593242469876714,4.61957301
680,-1,0.3705877471384156,3.24445117
681,-1,0.6176274888730404,2.7079155
682,-1,0.9145494703989243,0.02820206
683,-1,0.6839886560192099,1.00989763
684,-1,0.9932090990150755,1.84003971
685,-1,0.06779669893603568,2.81159154
686,-1,0.6097895237144257,1.17449097
687,-1,0.6979456191402278,2.01686039
688,-1,0.6726616026116972,2.23638792
689,-1,0.7421824116318021,1.47708888
690,-1,0.2837445694331109,3.66596777
691,-1,0.1869471224836161,3.89690717
692,-1,0.5405438503839832,2.74220524
693,-1,1.673699819234571,0.01245752
694,-1,0.03462909950485482,5.51051107
695,-1,0.16120912585392944,1.06163272
696,-1,0.927438024955336,2.00698066
697,-1,0.21572922105406178,1.54985736
698,-1,0.5669445011335483,1.76791758
699,-1,0.28053294463916245,3.59077574
700,-1,0.16517056497832527,1.13536967
701,-1,1.1063010840189236,0.03310763
702,-1,0.14232832769721426,4.13357668
703,-1,0.5501854177055066,1.16862038
704,-1,0.8014043025468709,0.00306876
705,-1,0.5689874891004365,3.37564053
706,-1,0.2027526193705853,0.91944985
707,-1,0.379939609192661,2.50909367
708,-1,0.28781542256183457,1.15387917
709,-1,1.1020271927736758,0.00214399
710,-1,0.37378835300842184,1.26985177
711,-1,0.2164049477687513,1.15802028
712,-1,0.5822128240379243,3.09875593
713,-1,0.711412163109344,1.8513682
714,-1,0.6092843328042363,0.38461456
715,-1,0.42467990269869915,1.39705787
716,-1,0.595387739049329,1.02897432
717,-1,0.13588944582579643,4.64002996
718,-1,0.679327071611624,1.80160425
719,-1,0.9498909362628183,1.88389524
720,-1,0.5701127908264425,0.00711818
721,-1,0.8698181131876481,2.40242495
722,-1,1.5089413919668004,0.04010801
723,-1,0.33013841484716977,2.31217593
724,-1,0.7334567100951972,2.71547871
725,-1,1.611312745289979,0.02357224
726,-1,0.10279282004376,2.66356594
727,-1,0.15670308654534892,3.67058021
728,-1,0.41115872272712295,1.57866952
729,-1,0.6278256153109396,2.91083255
730,-1,1.0389828451889116,0.00900334
731,-1,0.9997617842145701,2.09233787
732,-1,0.5870774996856198,2.5461637
733,-1,0.5289123549209762,2.11521973
734,-1,1.0940924834812904,0.00234858
735,-1,0.4765465858326934,1.726729
736,-1,0.13333325141502428,1.20482831
737,-1,0.8877719212159718,0.02982189
738,-1,0.9315449697714939,2.15997438
739,-1,0.9668467496885569,2.29100881
740,-1,0.06788849684198794,2.44324329
741,-1,1.3160045341646764,0.04748162
742,-1,0.03896171132510062,2.51201997
743,-1,1.1068532577701262,0.02467023
744,-1,0.08942882477640524,4.76470852
745,-1,0.6400624900925322,1.71889896
746,-1,0.6891286740392388,2.82947879
747,-1,0.6610966501466464,0.01087989
748,-1,0.5056865838469093,1.81771921
749,-1,0.5083569019188872,1.93332819
750,-1,0.35875188033969607,1.77057872
751,-1,0.8027217339986237,1.43241078
752,-1,0.19468008971671225,1.02414958
753,-1,0.48517189302401675,2.79722215
754,-1,0.5066753633673216,2.30690081
755,-1,0.501996187936129,2.85099914
756,-1,0.6431108256219886,1.94935942
757,-1,0.12325497791607631,1.00363119
758,-1,0.5734717890845786,1.67748315
759,-1,0.5904041108806268,1.71479363
760,-1,0.23800946682513313,3.59521175
761,-1,0.6872872783605999,2.40949782
762,-1,0.6967010687549191,1.34193045
763,-1,0.6253664710857265,1.10128118
764,-1,0.8643540129742178,0.02915141
765,-1,0.11741349422209169,4.25244898
766,-1,0.39718462163364165,1.68581112
767,-1,0.3983437824717839,1.47330865
768,-1,0.7317681118001929,2.4678628
769,-1,0.40447334804412094,1.33807555
770,-1,0.30052981068365625,1.59817909
771,-1,0.4571563951412827,2.62038486
772,-1,0.4593502817897388,2.23803068
773,-1,0.6452674682714132,3.88313219
774,-1,0.4895454686766243,3.58266148
775,-1,1.3983828078198712,0.00275541
776,-1,0.6967831439942529,2.50267992
777,-1,0.39495951796197915,1.45430272
778,-1,0.5733850484011782,3.00775826
779,-1,0.48384933834313415,1.82090099
780,-1,0.7272670771089906,1.84915794
781,-1,0.24638595374199213,4.12365798
782,-1,0.43213619050220586,1.64764336
783,-1,0.1693179093535946,3.39718494
784,-1,0.12838160254432296,3.43540732
785,-1,0.3070301430534528,4.22071108
786,-1,0.5399378044785408,1.73154719
787,-1,0.15176673497080628,2.80546062
788,-1,0.6680290180975135,2.79109976
789,-1,0.6497282347845612,0.15935658
790,-1,0.8154819703122484,0.05334667
791,-1,0.8025216128680768,2.49007746
792,-1,0.06009062476550753,2.52097818
793,-1,0.716910370711048,2.23511852
794,-1,1.471010625919007,0.00197465
795,-1,0.40243171963084023,1.54387859
796,-1,1.303930437170493,0.00609429
797,-1,0.12461085977065522,3.95203289
798,-1,0.09729673246511084,2.24332989
799,-1,0.7716362749306427,2.19638927
800,-1,0.16231886498189851,3.64657274
801,-1,0.5016079616143543,1.99814393
802,-1,0.5686880793291493,1.94601846
803,-1,0.41394281755856355,0.9588168
804,-1,0.11609079049776483,2.38734772
805,-1,0.6955981544342649,3.22521798
806,-1,1.423173654520724,0.02551293
807,-1,0.4330804797154997,2.84546774
808,-1,0.7751738225579174,2.46307327
809,-1,0.6338824633712647,1.41038884
810,-1,0.12893046337921987,3.41298714
811,-1,0.6893010532076005,1.01911884
812,-1,0.1789623254990147,3.31438279
813,-1,0.7653866504915641,1.45972451
814,-1,0.05926306851506524,2.50224125
815,-1,0.27623051749060323,4.16703996
816,-1,0.31974129922673455,1.26941253
817,-1,1.196424867848691,0.00667475
818,-1,0.08753468860959401,2.16298547
819,-1,0.4127043517655693,1.4582643
820,-1,0.3116149144125302,4.31162195
821,-1,0.6948192116215068,2.35139309
822,-1,0.19634017724456498,1.02755543
823,-1,0.31257601383913425,2.66030411
824,-1,0.4350233641343948,2.42950044
825,-1,0.7523191842665256,2.78545141
826,-1,0.29653545696419314,1.74300487
827,-1,0.22669600936296774,3.84519922
828,-1,0.43732971029385226,0.99314037
829,-1,0.36407026533197495,1.82879015
830,-1,0.30045058636460453,1.38124695
831,-1,1.5822524068971688,0.00737927
832,-1,0.49781464071656956,4.1348952
833,-1,0.7053509662819124,1.99385765
834,-1,1.054954979156264,0.01067158
835,-1,0.42366026617855823,2.11629011
836,-1,0.6909286931977476,1.5800167
837,-1,0.39039224797306815,1.51349186
838,-1,0.34794845667420304,1.47159117
839,-1,1.1341897614693153,0.05799977
840,-1,0.21747785480329185,1.54950494
841,-1,0.6181059460141114,3.27120382
842,-1,1.0355658699836567,0.02610435
843,-1,0.32507843239727663,1.21482978
844,-1,0.663076312848716,1.80496639
845,-1,0.125524927270817,3.92484854
846,-1,1.0881698681441776,0.16587625
847,-1,0.6790959961563203,3.53928421
848,-1,0.37181327086727833,1.19768012
849,-1,0.32705541047107545,1.26638101
850,-1,0.7564740587258711,2.21338967
851,-1,0.27936493988818256,1.62249326
852,-1,0.3643660111447389,3.69781339
853,-1,0.46094124461887986,2.35169625
854,-1,0.5187390753417276,3.36655306
855,-1,0.5107763140222232,1.81633826
856,-1,0.13373557331760821,3.94918541
857,-1,0.7262008076031634,1.66785021
858,-1,0.4143049839149171,1.49685505
859,-1,0.5333670340223762,1.06381574
860,-1,0.10064552807307336,0.98866168
861,-1,0.658677556357361,3.20669717
862,-1,0.7384031227184096,3.50916593
863,-1,0.6922234214289347,1.32615257
864,-1,0.4832606378113269,2.64027259
865,-1,0.5993150834001426,1.27347032
866,-1,0.4975914784881752,1.50652876
867,-1,0.09856410748398048,3.30032812
868,-1,0.19593094809806644,3.40465301
869,-1,0.1184457754061441,1.00627152
870,-1,0.43189369709580205,3.00739028
871,-1,0.6911482941177383,1.54855462
872,-1,1.118401314588482,0.02551683
873,-1,0.7248610404894862,2.28962337
874,-1,0.32383138150180457,1.15956465
875,-1,0.3988191362168436,2.34489004
876,-1,0.5501153180011897,1.16072546
877,-1,0.9339525729956222,2.97937781
878,-1,0.6271682488841179,2.19955172
879,-1,0.15274770277756033,1.00019673
880,-1,0.040907323791543604,1.91881009
881,-1,0.11886852196994369,4.64423216
882,-1,0.7813783657456952,2.8548343
883,-1,0.977356136236267,0.00730438
884,-1,0.8625632677285466,1.61657818
885,-1,0.10030050435034354,3.09148282
886,-1,0.3691418701328075,3.7738456
887,-1,0.04424381992294002,5.42893783
888,-1,0.2553274123238225,1.09808331
889,-1,0.7113335872600146,2.51382054
890,-1,0.29197435336755007,1.77042914
891,-1,0.5814638388255844,4.02396369
892,-1,0.9416650269304228,0.00019321
893,-1,1.7093596886206797,0.01275022
894,-1,0.5670751140678476,3.11115897
895,-1,0.8694996207668737,0.01629887
896,-1,0.8600948432649602,0.03654612
897,-1,0.8724461532074201,2.88664152
898,-1,0.2335886985565594,1.6956791
899,-1,0.1224225435180415,3.97578923
900,-1,0.10646906616329943,4.53349921
901,-1,1.1805682253907435,0.00174602
902,-1,0.8480117431827239,0.00481518
903,-1,0.23823039126000367,1.07206321
904,-1,0.7616913128276792,1.98487603
905,-1,0.6945318636007869,3.18621428
906,-1,0.798870951130084,1.78211658
907,-1,0.8376488266003435,3.30430864
908,-1,0.12249340699327149,3.61732276
909,-1,1.429439395378722,0.00880399
910,-1,0.34430897852871567,1.25293656
911,-1,0.12295104559598258,3.16156998
912,-1,0.4365294019407884,0.94357753
913,-1,0.6827229214650288,1.95228723
914,-1,1.0707775581136048,0.03054218
915,-1,0.5256981964066654,1.93838269
916,-1,0.6749253993893944,2.74110717
917,-1,0.3503337662459671,2.37515689
918,-1,0.23576163733196154,1.87917563
919,-1,0.49767470071401476,4.08121348
920,-1,0.7242631683584477,2.19262846
921,-1,0.7329962306903326,0.97244012
922,-1,0.747954092494183,1.1145538
923,-1,1.3396517060391488,0.00110326
924,-1,0.6288491450686706,2.28706203
925,-1,0.29253167607748765,0.70593047
926,-1,0.18414687841868727,1.14769551
927,-1,0.49944356725973194,2.3140718
928,-1,0.48930726989055984,1.66203378
929,-1,1.2186183305857412,0.00986077
930,-1,0.8120094280093326,2.09260148
931,-1,0.42752662866405444,2.45996722
932,-1,0.6030005436878128,2.06783488
933,-1,0.40632080295836204,1.52361798
934,-1,0.04248710770070829,4.2077472
935,-1,0.81108783808304,1.85512465
936,-1,1.4194199482062686,0.00346326
937,-1,1.0223314377617498,0.01717502
938,-1,1.3920455054903869,0.00221546
939,-1,0.10481741699550184,4.50875355
940,-1,0.774198524413805,3.25797485
941,-1,0.4221400069309311,1.8605884
942,-1,0.7294371143962053,2.4229926
943,-1,0.053469436029445205,3.82735024
944,-1,0.6429984736587357,2.12982511
945,-1,0.6066754722996848,1.25169638
946,-1,0.3466697698877397,1.92604277
947,-1,1.3933739544427226,0.02164625
948,-1,0.4259574109710229,2.662905
949,-1,0.37445709906023694,1.0708724
950,-1,0.6931131158125936,2.97692923
951,-1,0.24731116105613182,1.28096424
952,-1,0.4339747619087575,0.98305611
953,-1,0.8669888636632095,1.91845698
954,-1,0.5785718504284887,2.48564849
955,-1,0.11850090922052914,4.24049966
956,-1,0.1796200808166759,3.50489494
957,-1,0.1278798842076867,3.43631836
958,-1,0.9222260179922159,2.29988233
959,-1,1.358371974865804,0.02461298
960,-1,0.3504321784566855,1.59763965
961,-1,0.2700052269938169,1.11637601
962,-1,0.3865930078609381,1.42338813
963,-1,1.4625608490132436,0.01388006
964,-1,0.16201325925976562,3.83460376
965,-1,0.21406589145954058,1.91220526
966,-1,0.09495940550095838,3.018087
967,-1,0.4123141264608421,0.97473303
968,-1,0.5228302622526826,1.93786308
969,-1,0.5332882601942401,1.38559002
970,-1,1.0705149704062933,0.01923717
971,-1,0.16831151602673344,3.74416545
972,-1,0.5966073301351571,1.03622599
973,-1,0.4747915703137551,2.64412064
974,-1,0.2394806212032563,1.15649264
975,-1,0.14918115426553413,1.07702527
976,-1,0.1502327169646378,3.78068639
977,-1,0.7184658305413905,3.43291353
978,-1,0.22617283419094747,1.06557524
979,-1,0.4503785235556279,1.84049693
980,-1,1.0125675734161632,0.00319542
981,-1,0.4688560630529537,2.29675676
982,-1,0.26451181882293895,1.10387948
983,-1,0.6531642904246837,3.48424837
984,-1,0.4030303637500765,2.99900804
985,-1,0.23246799892149284,1.92619974
986,-1,0.38994466776784975,3.76687827
987,-1,0.053469443532776495,3.82734856
988,-1,0.1258844095536915,2.83850367
989,-1,0.4568003032090928,3.22166022
990,-1,0.41082953757268115,3.67306943
991,-1,0.6312368175167649,2.31853117
992,-1,0.3809904520676355,1.44363274
993,-1,0.6963556252685521,3.19018215
994,-1,0.4834779943121248,2.11324764
995,-1,0.4650677614790766,2.36432015
996,-1,0.30628070303009736,4.56141954
997,-1,0.987272352040236,2.54442496
998,-1,0.19633801943200524,1.02751024
999,-1,0.46178756823792355,1.73121469
1000,-1,0.2524249530506495,1.20712651
1001,-1,0.35637877894259873,3.38030475
1002,-1,0.5678172342231846,1.41241516
1003,-1,0.14903052675435902,3.58804951
1004,-1,0.7311553513773106,3.32237598
1005,-1,0.12746361921017524,3.39526511
1006,-1,0.33950994690258085,3.87673331
1007,-1,0.4003297888993984,1.30522653
1008,-1,0.08721227227852069,4.87837414
1009,-1,0.07674075602608355,3.38774784
1010,-1,0.7825866635812417,2.78300043
1011,-1,0.7339905939807068,1.83211461
1012,-1,1.031572417159623,0.00303772
1013,-1,0.1506470011190686,2.84289668
1014,-1,0.5715501553822833,1.7841407
1015,-1,0.09963627213437576,0.98805902
1016,-1,0.832684131237329,1.57788514
1017,-1,0.16684095643995533,3.56690542
1018,-1,0.34176303748608916,1.30188026
1019,-1,0.2994990464503644,4.09444424
1020,-1,0.8691297043878876,1.31774208
1021,-1,0.1558009888367451,3.73345824
1022,-1,0.12219694792293012,0.99972338
1023,-1,0.14697616717057826,3.94857767
1024,-1,0.65989090831863,2.92535014
1025,-1,0.0788121734149172,0.93768398
1026,-1,0.648428261756635,2.02997101
1027,-1,0.1003705158836965,0.98572623
1028,-1,0.3058150413653493,4.59429508
1029,-1,0.5396934984128166,2.82590029
1030,-1,0.6920094960605638,3.14411233
1031,-1,1.5099174018996564,0.00551282
1032,-1,0.2986045106990787,1.90030669
1033,-1,0.554356557686333,2.74882843
1034,-1,1.5216033444630739,0.03097824
1035,-1,0.35412402290603495,1.39968718
1036,-1,0.25968032296987076,2.05141826
1037,-1,0.12341729476702312,3.8845029
1038,-1,0.6686759052354319,1.49311496
1039,-1,0.07316048975553713,2.40441341
1040,-1,0.24308526584718493,1.2155722
1041,-1,0.6234364137617376,2.65772441
1042,-1,0.6407410891733889,3.03310523
1043,-1,0.1291082169927904,3.70546308
1044,-1,0.1477405110017571,1.32998986
1045,-1,0.36033988324561506,0.88652759
1046,-1,0.19660832007957652,3.2206971
1047,-1,0.5629481651885726,1.9003785
1048,-1,0.3270010892265418,1.26431817
1049,-1,0.8663229953617702,1.79582
1050,-1,0.6261247187649133,2.29945836
1051,-1,0.6646683201870474,2.56931267
1052,-1,0.7141219126606302,1.10952248
1053,-1,0.7362399492103577,1.81900023
1054,-1,0.5371224747796077,1.40197706
1055,-1,0.6207382295906427,0.92660048
1056,-1,0.3300655687235121,1.31738515
1057,-1,0.5039111043242883,2.99847159
1058,-1,0.3006565364830749,2.98277033
1059,-1,0.6406166809028946,2.63726023
1060,-1,0.5617281341073976,2.60871799
1061,-1,0.5419253009767999,2.48585423
1062,-1,0.6182450564847386,1.23974215
1063,-1,0.49384535683657305,3.24330891
1064,-1,1.1627921667422925,0.03031833
1065,-1,0.5005767265492977,4.01566932
1066,-1,0.1238463314348337,3.15996718
1067,-1,0.16425721707491903,1.36046288
1068,-1,0.47905544227432983,1.98788299
1069,-1,0.4325331772906793,2.32225076
1070,-1,0.4912804656305525,1.70495874
1071,-1,0.07820499935405678,2.84210717
1072,-1,0.7069000137380499,2.15861884
1073,-1,0.032372125333495205,0.91650327
1074,-1,0.5931581409276987,2.63034976
1075,-1,0.5483081467536977,1.81540667
1076,-1,1.4700031237953226,0.00233361
1077,-1,0.0967953300641966,2.31129142
1078,-1,0.6187408344612777,2.7070309
1079,-1,0.6215031205283594,3.11128035
1080,-1,0.4340680308996525,1.5738419
1081,-1,0.6642050393566024,2.56069179
1082,-1,0.19870142201398266,1.10674812
1083,-1,0.11850091172618704,4.24049963
1084,-1,0.2700052019827126,1.11637603
1085,-1,0.27352442859410075,3.00091861
1086,-1,0.5497003699565539,1.92688469
1087,-1,0.6199200793798809,3.31770321
1088,-1,0.12888607504464744,3.42337007
1089,-1,0.0663481501806018,2.81582535
1090,-1,0.08813087310045375,3.08476256
1091,-1,0.30600442053128063,4.61147332
1092,-1,0.5285391611232626,2.79996125
1093,-1,0.31668550949689234,2.47292388
1094,-1,0.7057049004833971,1.72992576
1095,-1,0.2990243049862329,0.66354254
1096,-1,0.8417146588180913,1.1692111
1097,-1,0.7192503551868867,2.5661811
1098,-1,0.6875521700749232,1.52049605
1099,-1,0.2824150646392809,2.52972302
1100,-1,0.23377670321224286,3.23478393
1101,-1,0.6384223949407897,1.91795231
1102,-1,1.204181289067492,0.00336554
1103,-1,0.11200853051377635,4.67076845
1104,-1,0.4849829328531996,3.56933557
1105,-1,0.3135701202472774,4.33710581
1106,-1,0.5565648849005811,2.56493402
1107,-1,0.7489121360958961,3.0571617
1108,-1,1.0796147342261975,0.01157395
1109,-1,0.3138261891444927,2.86706524
1110,-1,0.47316844003944425,1.63883725
1111,-1,1.0359986276944255,0.04276355
1112,-1,0.16664838716678787,3.63855512
1113,-1,0.36683319114672486,1.68515053
1114,-1,0.9661262928057113,2.30973984
1115,-1,0.4766456796096463,2.07456155
1116,-1,0.9437995700727697,0.02676485
1117,-1,0.5192514374175516,1.1444956
1118,-1,0.06445423684908747,3.09579449
1119,-1,1.139640833807789,0.00949083
1120,-1,0.856070040481427,0.00204974
1121,-1,0.17454059146984946,1.00700625
1122,-1,1.076858724863996,0.00180168
1123,-1,0.16272487539481517,2.98971769
1124,-1,0.32163031844902434,1.22504778
1125,-1,0.44204275302035967,1.36899042
1126,-1,1.5787051949246234,0.01741995
1127,-1,1.2294154690425785,0.00572635
1128,-1,0.4988767999657284,3.93464266
1129,-1,0.7920860377089411,0.94095508
1130,-1,0.3899864484264981,1.39892137
1131,-1,0.3778480631808634,0.97480046
1132,-1,0.41956615526942187,1.56517724
1133,-1,0.397479016410216,1.33713311
1134,-1,0.8614561030390178,2.04194681
1135,-1,1.3993431675862666,0.01241347
1136,-1,0.3719891439868661,1.17731777
1137,-1,1.2758378501530387,0.00157999
1138,-1,0.524956527779068,1.63915008
1139,-1,0.31382693108298554,4.33761099
1140,-1,0.7292279303146643,0.02084546
1141,-1,0.3216100806457689,1.56689363
1142,-1,0.15972252789651975,2.67971168
1143,-1,0.2634278035839088,1.87723212
1144,-1,2.0158815252943896,0.00020666
1145,-1,0.1254783838453477,4.63662049
1146,-1,0.1739527923928108,1.00388638
1147,-1,0.8253720231368789,1.98435293
1148,-1,0.7554917453217058,3.07756874
1149,-1,0.5136989835227723,1.98919784
1150,-1,0.11867196770026567,4.58430131
1151,-1,0.30969383149567875,1.3271822
1152,-1,0.11592515671964065,4.16632334
1153,-1,0.4866501180367777,1.13978927
1154,-1,0.3138434444099403,4.3252132
1155,-1,0.6755514760880033,1.62977156
1156,-1,0.9343031332991814,2.53288231
1157,-1,0.47918726145780965,3.88389065
1158,-1,0.9915627195550769,0.04717086
1159,-1,0.30045058665564284,1.38124695
1160,-1,0.61555722491903,2.44306146
1161,-1,0.5047456531337957,2.65797923
1162,-1,1.8275331452969112,0.00317862
1163,-1,0.49029474874259904,1.03062463
1164,-1,0.6743158412700723,2.7005783
1165,-1,0.5258431997935986,1.74867283
1166,-1,0.21099031921039568,1.15349333
1167,-1,0.1498887297930196,0.98580933
1168,-1,0.646669790494343,1.89373239
1169,-1,0.5936343013945589,2.81684059
1170,-1,1.7107894817490887,0.0088799
1171,-1,0.5619929247313848,2.62288095
1172,-1,1.160599514041678,0.00055863
1173,-1,0.6714012521479162,0.67738922
1174,-1,0.06624272268254572,2.77768407
1175,-1,1.0733071434333397,0.02121886
1176,-1,0.7103696335070708,1.24201523
1177,-1,0.35444508694126853,1.52683111
1178,-1,0.746678722462093,2.19018432
1179,-1,0.4441369736468914,4.00721148
1180,-1,1.3294673754762698,0.00726118
1181,-1,0.7047539153791149,1.42064989
1182,-1,0.2992243566404795,4.89953537
1183,-1,0.34636368192877853,0.99918317
1184,-1,0.7342298325238517,2.07832267
1185,-1,0.5911524730800011,1.95926303
1186,-1,0.5830781739678059,1.12025335
1187,-1,0.8989742463199946,0.01483335
1188,-1,0.6545061386714224,2.46708894
1189,-1,0.5959847346548486,2.28102776
1190,-1,0.1281133569909798,3.72685599
1191,-1,0.4229949305181435,3.67878069
1192,-1,0.6921992477691674,3.17661911
1193,-1,0.9750123299772895,0.03149117
1194,-1,0.11854244255573576,4.25531451
1195,-1,0.108803299876854,3.26441437
1196,-1,0.32561246734985616,1.18984717
1197,-1,0.3212177352361323,1.56647593
1198,-1,0.7033577800029889,2.35724383
1199,-1,0.09390469654135813,3.09682392
1200,-1,0.7044160191981064,1.63180762
1201,-1,0.5032785323601274,2.61922805
1202,-1,0.2047831061099714,2.2982164
1203,-1,0.5166381526123587,2.19678387
1204,-1,0.5290656319994014,1.81557282
1205,-1,0.06445289310704538,3.09578009
1206,-1,0.45655317539967655,1.66477939
1207,-1,0.34164320886702626,1.52523245
1208,-1,0.0631737425578649,5.11235525
1209,-1,0.8396284360605932,2.11973502
1210,-1,1.994754463139543,0.00557028
1211,-1,0.7476980917635956,2.66171024
1212,-1,0.15681810800288076,3.29337923
1213,-1,1.212456718485555,0.00074119
1214,-1,0.18847377628844697,1.08556834
1216,-1,1.0543713181095882,0.01105942
1217,-1,0.9876811468620872,0.01193076
1218,-1,0.3123354466424644,2.85721087
1219,-1,0.4551956112482003,1.58479674
1220,-1,0.4415315295318578,2.74720969
1221,-1,0.8551058796365396,0.00250974
1222,-1,0.10037235588242766,0.98720283
1223,-1,0.10297392616394063,4.45567382
1224,-1,0.28498519453933113,0.85846435
1225,-1,0.4782205141327722,1.85723669
1226,-1,0.6443765989024541,1.16026056
1227,-1,1.9730787613389111,0.00254345
1228,-1,1.083194354760053,0.00571027
1229,-1,0.7299742526083719,2.72280661
1230,-1,0.46257314134891203,2.09906967
1231,-1,0.6955882519650913,2.38402343
1232,-1,0.924511935800183,0.04080538
1233,-1,0.50321989193435,2.85758136
1234,-1,0.5802562297230907,3.29832743
1235,-1,0.6935938433889532,2.61904445
1236,-1,0.9632293484355614,1.98061366
1237,-1,0.12405149699134199,3.671615
1238,-1,0.46252906573499786,2.73844666
1239,-1,1.286466123046921,0.00308251
1240,-1,0.4925229520176799,2.28745711
1241,-1,1.082225022489638,0.01144002
1242,-1,0.3058684096959041,4.60855536
1243,-1,0.3022356541623594,1.29523327
1244,-1,0.4003328605722345,1.3052296
1245,-1,0.5323706109084014,1.62694056
1246,-1,0.7891794406896224,0.05966038
1247,-1,0.6963035419357766,3.18236692
1248,-1,0.6113483398348762,2.20177662
1249,-1,0.15022651040908386,4.21512599
1250,-1,0.6317766700885841,1.08047313
1251,-1,0.4886754229119106,1.61028589
1252,-1,0.1208650081025553,3.93564051
1253,-1,0.3693670911775371,4.39260155
1254,-1,0.5402651453732688,2.14976068
1255,-1,0.7812581086773207,0.27848238
1256,-1,0.6160106899005768,2.39153998
1257,-1,0.9975483670632457,0.03255022
1258,-1,0.6135298972913006,0.00068065
1259,-1,0.5037684588387492,1.2519169
1260,-1,0.3601578777306713,2.61516096
1261,-1,1.122642875288875,0.22511791
1262,-1,0.7356198055458663,1.81957089
1263,-1,0.11411085255531361,1.05929765
1264,-1,0.6090242916434363,1.32439291
1265,-1,1.1903975331915717,0.00573643
1266,-1,0.49535575405116106,4.11142682
1267,-1,0.41303109095679247,1.5149353
1268,-1,0.7706634311125526,0.83212202
1269,-1,0.6437638738589158,2.96753591
1270,-1,0.739928659522775,2.63434153
1271,-1,0.8700048852097098,2.13715444
1272,-1,0.03237212782551069,0.91650321
1273,-1,0.05552451269522862,3.71513519
1274,-1,0.7105625876465638,1.66541885
1275,-1,1.0261082107081165,0.18332336
1276,-1,0.07733579602700047,3.41648764
1277,-1,0.305936168028893,4.61957227
1278,-1,0.34410758242756856,4.1539833
1279,-1,0.07681886727368692,3.40439494
1280,-1,0.7871342245016422,1.71151274
1281,-1,0.7750024942106393,0.0047035
1282,-1,0.5396012175788201,2.8079943
1283,-1,0.6214445852856443,2.46185992
1284,-1,0.6455493553767155,3.17345783
1285,-1,0.3176431831707305,0.99612701
1286,-1,0.7044680651415547,0.00318323
1287,-1,0.2120725652184774,2.15746675
1288,-1,0.06317721589084613,5.12922049
1289,-1,0.4395669595396612,1.71655578
1290,-1,0.2940529612078535,1.77859936
1291,-1,0.3699887260336254,1.26869528
1292,-1,0.2557326851183461,1.67547012
1293,-1,0.991044965085166,0.00105945
1294,-1,0.29318938123651606,1.67538782
1295,-1,0.45781735785567435,2.44724883
1296,-1,0.2548805787591846,2.60533532
1297,-1,0.46813504279271,1.95479724
1298,-1,0.8620572889594769,0.02404474
1299,-1,0.5695516584273719,2.11362776
1300,-1,0.1068193297032849,1.19489138
1301,-1,1.6017491600905487,0.01083442
1302,-1,0.6442972310651385,1.85692219
1303,-1,1.1719355461900705,0.00066069
1304,-1,0.12977541198779363,3.66510073
1305,-1,0.3852928513333609,2.41744756
1306,-1,0.5590016484075022,2.9088595
1307,-1,0.15075530760441325,0.98485552
1308,-1,0.18447169411956565,1.13087233
1309,-1,0.13332573645129742,4.63502963
1310,-1,0.757091674113326,2.07021086
1311,-1,0.9495251496628043,0.20801604
1312,-1,0.11300242260404048,1.00771225
1313,-1,0.4750595038785832,1.80823535
1314,-1,0.8115067927883501,2.44627049
1315,-1,0.7460052838723641,1.66755112
1316,-1,0.5580558164456306,0.36562851
1317,-1,0.5994172930331843,1.30725698
1318,-1,0.4791109952066108,3.63002175
1319,-1,0.4586284447032085,1.02316935
1320,-1,0.6247010254992347,2.36689788
1321,-1,0.7984867984669108,0.01273891
1322,-1,0.4160823604615871,1.54212697
1323,-1,0.31689062599070894,2.18034333
1324,-1,0.628211691391698,3.44235564
1325,-1,0.2054469907670864,1.0469074
1326,-1,0.19762824914323573,3.19791365
1327,-1,0.8897810978578491,3.28823795
1328,-1,0.08642516311283543,4.79848615
1329,-1,1.828712951955822,0.00498133
1330,-1,0.4594750916248813,3.95080427
1331,-1,0.5960984556350013,3.3471581
1332,-1,0.5541186809387,1.76498755
1333,-1,0.7032388090556196,2.22328184
1334,-1,0.835079205880902,1.9129692
1335,-1,0.8089576537531684,1.95154793
1336,-1,1.4384074767349375,0.00115005
1337,-1,0.3268443598426529,1.18685815
1338,-1,1.167244632904385,0.00644984
1339,-1,1.310500291729113,0.00079969
1340,-1,0.5015483507941099,2.21229105
1341,-1,1.3624646756215952,0.02017404
1342,-1,0.7108824651641044,2.37299829
1343,-1,1.4345981654878415,0.00557725
1344,-1,0.3614535238921235,4.02730084
1345,-1,0.964180011087592,0.00823679
1346,-1,0.9150117616445641,0.00104271
1347,-1,0.8136634121001407,1.22252711
1348,-1,0.11914958143734111,3.8290905
1349,-1,0.8786499377674772,1.55603716
1350,-1,0.9722635011166858,0.07293374
1351,-1,0.7479116931972385,2.42883777
1352,-1,0.30055094337512855,1.15733405
1353,-1,0.6618174942195765,1.35183156
1354,-1,0.05555437363454985,3.65057979
1355,-1,0.3530800094631559,1.33389944
1356,-1,0.9052098060146818,0.03969795
1357,-1,0.6434339086081309,1.53383568
1358,-1,0.35433709265817015,2.17038437
1359,-1,0.3459920057866839,1.22271692
1360,-1,1.4996793720911228,0.0119423
1361,-1,0.6492611476824095,0.02703051
1362,-1,0.45403996449749684,1.01654915
1363,-1,0.5955925924718031,2.23549344
1364,-1,0.5445230993063888,2.51149748
1365,-1,1.083488415613374,0.01006548
1366,-1,0.5670594176899613,0.19917631
1367,-1,1.1675106886195863,0.00513063
1368,-1,0.14442261526710354,1.78970622
1369,-1,0.9476933459791326,1.8664264
1370,-1,0.17236446081824397,3.3132919
1371,-1,0.4555610539500776,1.61425841
1372,-1,0.8766929881494434,2.66693741
1373,-1,0.7362564097138602,0.00756257
1374,-1,0.610760821173244,2.2203212
1375,-1,0.22358186682140513,1.69120193
1376,-1,0.7054922379029449,0.02063009
1377,-1,0.382337085711697,2.65481988
1378,-1,0.11591464672164875,4.23831541
1379,-1,0.13063169184533763,2.93904194
1380,-1,0.7736362629248106,3.0658091
1381,-1,0.529058182778499,3.74645867
1382,-1,0.22488690050522564,0.88399519
1383,-1,0.5967482162122906,1.28154126
1384,-1,1.2037706023511419,0.03096157
1385,-1,0.18167201997584925,3.4018761
1386,-1,0.3949160804586427,1.45793533
1387,-1,0.5065994657707051,1.67566209
1388,-1,0.6465628970272519,3.83051789
1389,-1,0.8250387766202039,2.18848308
1390,-1,0.4220663404703373,1.44687094
1391,-1,0.5981894069191185,2.70607575
1392,-1,0.5256149031447421,1.86841622
1393,-1,0.4745846016339783,2.58424346
1394,-1,0.6187728805434745,2.82030861
1395,-1,0.20925168560552265,3.38029422
1396,-1,0.41379858917935053,1.34808935
1397,-1,1.59690778528784,0.02254728
1398,-1,1.0392915895317856,0.53695719
1399,-1,0.3309340823261664,4.31920181
1400,-1,0.691982600656047,1.95362595
1401,-1,0.3782957177008939,3.28041329
1402,-1,0.15829019040211278,3.63186248
1403,-1,0.5729494022762083,0.23799618
1404,-1,0.3131557766755577,0.95518703
1405,-1,0.4321259117023146,2.92113291
1406,-1,0.7110220974209369,1.42633675
1407,-1,0.5735968669796421,1.26558063
1408,-1,0.7247114818346745,1.20757757
1409,-1,0.4748043291056092,2.33063799
1410,-1,0.06136204825452296,0.98534693
1411,-1,1.034211797241369,2.10325679
1412,-1,0.6575861820147111,2.36770709
1413,-1,0.42284429408937285,3.24633551
1414,-1,0.11626388089098327,4.14891339
1415,-1,0.32583367571987765,3.75641659
1416,-1,0.21787445086374646,1.10451399
1417,-1,1.0372802299798423,0.0383342
1418,-1,0.3382999746054338,3.32254611
1419,-1,0.30598334552905726,4.57732232
1420,-1,0.8290765338142592,0.01666952
1421,-1,0.04248710394904265,4.20774536
1422,-1,0.44859081947834056,3.74804505
1423,-1,1.250173174757947,0.00298195
1424,-1,0.7385423351115605,2.71326448
1425,-1,1.423887662094785,0.03272119
1426,-1,1.476059293763683,0.02503391
1427,-1,0.8308997657513828,0.00506563
1428,-1,0.5689519128327447,1.60122567
1429,-1,0.12815947615763434,3.63375917
1430,-1,0.7651834944954317,1.69553584
1431,-1,0.8055523578150314,0.01620345
1432,-1,0.4622270269828732,1.75013064
1433,-1,0.4782220321976638,2.02446688
1434,-1,0.5655106770063867,1.63987288
1435,-1,0.49243485583247093,2.82067624
1436,-1,0.05572754519562295,3.71987255
1437,-1,0.5182088278479569,3.10745312
1438,-1,0.43041026537594007,3.91760598
1439,-1,0.47334415963632637,2.89749827
1440,-1,0.9590690351978992,2.05859876
1441,-1,0.7205674615124735,2.83661414
1442,-1,0.861458856434183,2.66878708
1443,-1,0.613172126304562,2.09685339
1444,-1,0.5784541116736364,3.42899354
1445,-1,1.428048595225846,0.02075079
1446,-1,0.16644384278606594,3.13878188
1447,-1,0.6215191149203747,2.37324901
1448,-1,0.10551135366313247,4.45364776
1449,-1,0.2872314066553372,1.14948924
1450,-1,0.21273228006066347,2.04714101
1451,-1,0.4529718344383582,1.40845153
1452,-1,0.31460113482808083,4.26092934
1453,-1,0.5708245661844558,3.03049822
1454,-1,1.1382218919425213,0.00418847
1455,-1,0.6661461510157096,2.57715889
1456,-1,0.9821549696425791,0.00876075
1457,-1,0.7102630051031156,1.61437945
1458,-1,0.16745237601298868,3.14070223
1459,-1,0.3958024064422716,3.18105017
1460,-1,1.7642448786091336,0.00579151
1461,-1,1.5937972778556286,0.0002203
1462,-1,0.45269484598975396,1.3395334
1463,-1,0.46809359399048844,1.556326
1464,-1,0.12928081087466126,3.44872094
1465,-1,0.1937152639220585,1.45782175
1466,-1,0.6927431843905651,1.61059408
1467,-1,0.6881252129369386,2.25277143
1468,-1,0.43134582170750946,2.67798349
1469,-1,0.6337894036914804,2.20159615
1470,-1,0.3217606148245977,1.18122438
1471,-1,0.7431727444509306,3.1953145
1472,-1,0.4553576787111524,1.60803055
1473,-1,0.2690215991196965,3.62207854
1474,-1,0.14755040217096393,3.95448148
1475,-1,0.2105601766925247,1.16609482
1476,-1,0.33126277686278627,1.65113701
1477,-1,0.28680886481652124,3.06851765
1478,-1,0.4351727283301443,3.30454849
1479,-1,0.3848572913375392,2.61676167
1480,-1,0.3633153508599207,0.95434321
1481,-1,1.0186980245634913,0.03513181
1482,-1,0.05451147831536218,3.27190584
1483,-1,0.5890926969459542,2.97429178
1484,-1,0.5470767931001319,2.90365875
1485,-1,0.5461583617307042,3.52358392
1486,-1,0.959646923802211,0.01147202
1487,-1,1.0292783136173966,0.00499845
1488,-1,0.5972683857726224,2.11414437
1489,-1,0.34728343859569577,2.45872481
1490,-1,0.09121813996898709,0.99814565
1491,-1,0.5320254063644825,2.25078546
1492,-1,0.5944348268076283,3.20685028
1493,-1,0.5477648595660867,1.59647842
1494,-1,0.15191159178357339,1.06963348
1495,-1,0.44566517186922283,3.66609622
1496,-1,0.33118558560090605,1.32296937
1497,-1,0.8950416318293719,1.84838043
1498,-1,0.22365755516602803,4.33904822
1499,-1,0.276230516240048,4.16703996
1500,-1,0.1489715842581063,4.12864503
1501,-1,0.4275717819291458,1.8569659
1502,-1,1.2140410075880936,0.00211322
1503,-1,0.46523091821654816,1.10564283
1504,-1,0.11089330185313884,3.09463842
1505,-1,0.23738668529404094,1.06301184
1506,-1,1.4482627314737329,0.00067081
1507,-1,0.10466844115853746,4.5063298
1508,-1,0.32966082742859726,4.15922232
1509,-1,0.6580821839816053,2.13028074
1510,-1,0.1596077643625904,4.46650955
1511,-1,0.3514507521140331,1.45353481
1512,-1,0.342067609390142,3.37325721
1513,-1,0.48084947708048276,2.77332122
1514,-1,0.664627451042179,0.16088437
1515,-1,0.1515514653920036,2.98582644
1516,-1,0.16790051427051367,1.8922674
1517,-1,0.527839634596603,1.59964081
1518,-1,0.10333587866171001,4.49162743
1519,-1,0.10318169366200891,4.40068229
1520,-1,0.3130018275442126,1.18968959
1521,-1,0.36389601219070755,4.0052698
1522,-1,0.15985104873379896,3.89614483
1523,-1,0.46941757273089024,2.30426653
1524,-1,0.9086877029585594,2.09288822
1525,-1,0.20063040477452887,3.73970609
1526,-1,0.9141656202882587,0.00834108
1527,-1,1.0166601316495871,0.04293701
1528,-1,0.7813535479454004,1.4190909
1529,-1,0.03801508844844648,1.21082157
1530,-1,0.6760982722062181,2.56443825
1531,-1,0.3592132231733558,2.2165159
1532,-1,0.4913719398973626,1.67061971
1533,-1,0.42196611959298025,1.87946415
1534,-1,1.0045677725429414,0.00679913
1535,-1,1.3460716058852995,0.00186353
1536,-1,0.7257321268662054,2.52410939
1537,-1,0.7782104665056977,2.44153549
1538,-1,0.5415457505296217,1.69400177
1539,-1,1.6231033478561585,0.01193977
1540,-1,0.6919955928060517,2.35911405
1541,-1,0.28491645609392435,0.86305083
1542,-1,0.9252609056966321,0.00626173
1543,-1,0.30019262378118583,1.47447549
1544,-1,0.618640067987144,3.53576924
1545,-1,0.7035791179077933,3.20778753
1546,-1,0.978040110803704,0.03858203
1547,-1,0.6081697946319764,2.09683956
1548,-1,0.7463834205555031,1.2508312
1549,-1,1.2734043183900212,0.00973051
1550,-1,1.0131373836156854,0.03195049
1551,-1,1.136569748778129,0.00504943
1552,-1,0.5118538548504148,2.16579233
1553,-1,0.9296102710504783,1.80649909
1554,-1,0.7250493034371175,2.10154584
1555,-1,0.5762515314199845,1.83126511
1556,-1,0.37322253145248396,1.23239302
1557,-1,0.3604271193398745,1.11288031
1558,-1,0.3334395625279285,2.46425231
1559,-1,0.15695428777689813,1.24797714
1560,-1,0.05218344184868329,2.45301166
1561,-1,0.38082663844761555,1.36956656
1562,-1,0.5786339070527902,2.31649211
1563,-1,0.21418238146907242,2.1554151
1564,-1,0.55992895395093,0.00231537
1565,-1,0.5149313435140357,3.93963979
1566,-1,0.9278996388820815,1.47846026
1567,-1,0.16759249360575268,4.23147172
1568,-1,0.6838166578836535,2.98801949
1569,-1,0.4621018659508991,2.05313361
1570,-1,0.8461529175474425,0.0278991
1571,-1,0.9938938877712644,0.00120553
1572,-1,0.30005690153302567,1.97362252
1573,-1,0.49111317558526935,2.46579236
1574,-1,1.0322464187311198,0.05190574
1575,-1,0.9354701476831906,0.04649192
1576,-1,0.6229342506185276,2.80598699
1577,-1,0.4388825323258061,2.97499178
1578,-1,0.5176432753796689,2.5683921
1579,-1,0.4551294153861818,1.61094245
1580,-1,0.5822058581725287,2.22949266
1581,-1,0.55978100323955,2.32357077
1582,-1,1.0785465860863042,0.01278029
1583,-1,0.7571896517038113,1.61767423
1584,-1,0.26918978055618936,1.13256225
1585,-1,0.3143609588551044,3.76815007
1586,-1,1.151830569106096,0.00467649
1587,-1,0.2810153722475661,3.93287232
1588,-1,1.19795421877825,0.02442901
1589,-1,0.384393930380611,1.48036714
1590,-1,0.5826847500793519,2.52256532
1591,-1,0.597752134071925,1.40639243
1592,-1,0.2527528222708497,0.95892196
1593,-1,0.11521524198542465,2.91616637
1594,-1,1.0756340220677885,0.01291101
1595,-1,0.7144792221697571,2.19463629
1596,-1,0.9187829635993694,2.03371132
1597,-1,0.12785263803380076,1.32969273
1598,-1,0.9981928825800424,0.0031602
1599,-1,0.7472777307430079,3.13098352
1600,-1,0.37021827352873515,1.23712192
1601,-1,0.4626226108666742,1.16292874
1602,-1,0.6566451599792344,3.00277989
1603,-1,0.6092178738072107,2.0978911
1604,-1,1.0763923637250628,0.00508654
1605,-1,0.44534691001899773,0.97909933
1606,-1,0.4232075899562915,1.56397404
1607,-1,0.5175578991656948,1.97872476
1608,-1,0.6296205407670641,1.38063858
1609,-1,1.0797239758267096,0.01397486
1610,-1,0.1671857067503879,3.5420718
1611,-1,0.8447969298777025,2.98685695
1612,-1,1.1271628171652992,0.00086062
1613,-1,0.436396712793794,1.52201317
1614,-1,0.30013198484539316,3.52811804
1615,-1,0.1585241091424905,3.22469439
1616,-1,0.3387408856906404,1.49939218
1617,-1,0.09998091138186282,0.94938033
1618,-1,0.06009328102663858,2.52097743
1619,-1,0.39922112701788137,2.67497422
1620,-1,0.6323359887392144,2.01087507
1621,-1,0.45502203291107435,1.5269303
1622,-1,1.1854561019663379,0.00321117
1623,-1,0.8378259205346694,2.03635462
1624,-1,0.17287846158069442,1.08695131
1625,-1,0.5122723610838875,2.99703388
1626,-1,0.7770119952601817,2.40787622
1627,-1,0.7770935216467478,1.66644264
1628,-1,0.4448902216790884,1.52570102
1629,-1,0.678149585319261,2.3364999
1630,-1,1.009693108171632,1.31994877
1631,-1,0.6795471636542061,3.22824296
1632,-1,0.3199211120227119,1.26795003
1633,-1,0.4192498419433832,1.41105022
1634,-1,0.6381421331388992,1.41326654
1635,-1,0.5011931025364902,1.84347028
1636,-1,0.9567105839369106,0.01607697
1637,-1,0.9767895416553074,0.03297069
1638,-1,0.6481949342196458,1.46440912
1639,-1,0.5194714477329399,1.65690827
1640,-1,0.46846772105709533,2.20487864
1641,-1,0.6904160644262447,3.20468198
1642,-1,0.1327477000631916,1.05508247
1643,-1,0.5304678050379152,2.42046429
1644,-1,0.16795755737348372,3.33035423
1645,-1,1.5084364584072318,0.00889145
1646,-1,0.5376280594009586,1.85851584
1647,-1,0.6449392228569195,3.80398001
1648,-1,0.3771849904660485,1.46520537
1649,-1,0.2675087644638552,3.47446697
1650,-1,0.6135815456673299,3.20453729
1651,-1,0.5068741939976462,2.36868244
1652,-1,1.0687961431131043,0.02178791
1653,-1,0.2978991634108752,2.78697549
1654,-1,0.12926066032378003,3.69607567
1655,-1,0.6531606298449333,2.10244298
1656,-1,0.10795476820021577,2.54442135
1657,-1,0.4362844283969025,1.07569443
1658,-1,1.4728487406955537,0.00934713
1659,-1,0.41119215231447015,2.50694028
1660,-1,0.4584404478327997,2.6930945
1661,-1,0.43386968342019827,2.51253739
1662,-1,0.45670885034269304,2.67372
1663,-1,0.9178811187211977,0.0584264
1664,-1,0.11048913967897533,4.91672667
1665,-1,0.15955803914494027,3.13510739
1666,-1,0.4831565192762355,1.15449905
1667,-1,0.25608470481529366,1.09464887
1668,-1,0.6888835786776326,1.66099129
1669,-1,0.6661332010298793,2.64181344
1670,-1,1.1672055765120604,0.04959316
1671,-1,0.5589107116611558,2.02666839
1672,-1,0.17323093466984574,3.67606307
1673,-1,0.12581323726863047,3.95043434
1674,-1,0.12256429310582462,3.93154619
1675,-1,0.08560822840081528,0.99215877
1676,-1,0.3805735936293786,2.96616867
1677,-1,0.15134159674744296,2.67378381
1678,-1,0.612857055002678,2.10448753
1679,-1,0.14988828414061572,0.98579272
1680,-1,0.9720078627924522,1.94943219
1681,-1,0.3628124730857962,1.14029645
1682,-1,0.11462993101304164,2.78438636
1683,-1,0.779983457414346,1.94885595
1684,-1,1.9110257707143319,0.00456
1685,-1,0.5023479940473408,4.00983401
1686,-1,0.8134072848042706,1.58148649
1687,-1,0.5683882614357572,2.16950944
1688,-1,0.2997144774417393,1.1572066
1689,-1,0.6158813481124525,0.49473022
1690,-1,0.7532066559542727,0.01746384
1691,-1,1.0595236495737481,0.02330132
1692,-1,0.5066362319485052,1.11080935
1693,-1,0.45485955904041475,3.25683201
1694,-1,0.41082904257564223,3.67306943
1695,-1,0.6178838888081373,2.08288379
1696,-1,0.36474716414886643,1.38225557
1697,-1,0.14833725829703326,2.52062375
1698,-1,0.12325088227953529,1.00231182
1699,-1,0.582289099747868,1.95905219
1700,-1,0.12915043615976174,3.7068544
1701,-1,0.7564896680378297,1.97769505
1702,-1,0.0892703314366372,2.80355569
1703,-1,0.4469827132334103,3.69403946
1704,-1,0.117522859222845,4.26766778
1705,-1,0.1654811945718393,4.02606468
1706,-1,0.31781865675384324,3.12910229
1707,-1,0.16698809331501252,3.55730267
1708,-1,0.17485979418779607,1.77129352
1709,-1,0.6721609258420358,3.26381481
1710,-1,0.2991766657032713,1.97629882
1711,-1,0.9757335841413806,0.05500136
1712,-1,0.45844621572541655,1.52104815
1713,-1,0.31609072319952247,2.63343709
1714,-1,1.9168564153551415,0.00749844
1715,-1,0.37545990309808985,2.62879667
1716,-1,1.0209392013211982,0.02032734
1717,-1,1.6393190796588897,0.00970732
1718,-1,1.699166384023556,0.00545638
1719,-1,0.5953387167755864,2.38338505
1720,-1,1.1752039577004325,0.00902645
1721,-1,0.21514210618079233,1.98343888
1722,-1,0.7844316625778447,1.73507765
1723,-1,0.8199105481980951,0.98666832
1724,-1,0.2221824433945585,1.86076818
1725,-1,0.35603881033239304,1.58708972
1726,-1,0.34834312314160343,3.08944534
1727,-1,0.292420638220392,3.98402962
1728,-1,0.14637245259109477,4.0443722
1729,-1,0.09008445352719718,4.76073171
1730,-1,0.6085007991168823,1.46366495
1731,-1,0.08756898805586388,1.12044493
1732,-1,0.5771370102002038,0.01470766
1733,-1,0.6858285005819198,2.83190313
1734,-1,0.1730922142496638,3.28186756
1735,-1,0.181938459390949,1.42150838
1736,-1,0.09119486144300026,3.45041431
1737,-1,0.5424372743073036,2.30320434
1738,-1,0.2724224734629388,1.70305054
1739,-1,1.2056684315120947,0.01666606
1740,-1,0.6952237191035238,3.00889285
1741,-1,1.9033353062695824,0.00616166
1742,-1,0.7142626541553909,1.88965442
1743,-1,0.5308838830023888,0.87617159
1744,-1,0.7777813792836241,1.96715737
1745,-1,0.517454651871958,2.8317536
1746,-1,0.49438930491305655,1.66569346
1747,-1,0.9296279524642159,1.86385625
1748,-1,0.36217209282767726,1.80170752
1749,-1,0.48193484621151583,1.08462714
1750,-1,0.4832770367829653,1.09405201
1751,-1,0.31263846060483047,2.97938026
1752,-1,0.10296965782799816,4.43655983
1753,-1,0.9024349436003831,2.0963145
1754,-1,0.34018040245427983,2.61653675
1755,-1,0.33291690142505104,1.34497104
1756,-1,0.5572458881988496,3.98911788
1757,-1,0.12599480931385187,0.9759784
1758,-1,0.30620408128015697,0.62519533
1759,-1,0.7491943619970698,1.68659069
1760,-1,0.14065688528717146,2.39366716
1761,-1,0.5004564862974803,2.4164476
1762,-1,0.5768263732352352,2.52419803
1763,-1,0.1295485269929486,3.72444832
1764,-1,0.5155604003084591,2.84097346
1765,-1,0.4501006522878015,1.53579397
1766,-1,1.2579706420729053,0.02701445
1767,-1,1.604052756629244,0.00399909
1768,-1,0.7209706258072401,1.30873966
1769,-1,0.08891818018128106,2.78666784
1770,-1,0.7429522919301235,2.3773711
1771,-1,0.12866663365912245,3.67296133
1772,-1,0.32359954685489356,2.77220766
1773,-1,0.6738375346503744,1.49873888
1774,-1,0.46119884930703847,2.12077241
1775,-1,0.4489110438953503,2.72878039
1776,-1,0.5680641692197241,2.0772416
1777,-1,0.7434954117024972,3.04133225
1778,-1,0.3804011525153328,1.86124312
1779,-1,0.17551688882576855,3.22642323
1780,-1,0.1700391494523501,3.21793423
1781,-1,0.6555634783217101,2.91351225
1782,-1,0.23325057165720864,3.92664806
1783,-1,0.1273540406009488,3.97843826
1784,-1,0.8746283566233615,2.40687611
1785,-1,0.12833970254632732,3.45537914
1786,-1,1.3687695513908693,0.01103706
1787,-1,0.9967682011301804,1.82470825
1788,-1,0.27045509634263,0.76164085
1789,-1,0.8045187351126515,1.39752839
1790,-1,0.2871646023231733,4.29919128
1791,-1,0.4910913317689847,2.82120019
1792,-1,0.5871805998140189,2.4039883
1793,-1,0.6896381422666309,1.20529689
1794,-1,0.34093178479452035,0.95752404
1795,-1,0.20922321405123512,1.50955899
1796,-1,0.3762852625368396,0.99142983
1797,-1,0.12894147921088006,3.41012066
1798,-1,0.1255248521761132,4.51174828
1799,-1,0.47624626709875884,1.84983628
1800,-1,0.12446383726910426,3.95392193
1801,-1,0.12627420806893497,0.96799387
1802,-1,0.6222876650645048,3.65604126
1803,-1,0.33103577508427406,3.08090503
1804,-1,0.9828529191690905,0.00157913
1805,-1,1.0811370451938274,0.0056394
1806,-1,1.2407974592679238,0.02120983
1807,-1,0.14298469269306224,4.13852394
1808,-1,0.12304902667892748,1.00357146
1809,-1,0.30705549131198495,1.99446511
1810,-1,0.12624363310351328,3.99530545
1811,-1,0.2758092980843685,3.87925322
1812,-1,0.4730788276538078,3.57719987
1813,-1,0.9800082037963875,2.34947781
1814,-1,0.743331975354522,3.0067558
1815,-1,0.2994683785982488,1.30113597
1816,-1,0.5069694101803179,1.92065835
1817,-1,0.5057850019056787,3.01626031
1818,-1,0.34363441918685567,1.38436743
1819,-1,0.618731403401398,3.69405047
1820,-1,0.7247633137376397,1.97346196
1821,-1,0.24404760394645564,3.30655877
1822,-1,0.070598766724288,5.13911084
1823,-1,0.12585628060151066,3.97689799
1824,-1,0.7271474134631717,2.76366722
1825,-1,0.14714741123043495,3.44247895
1826,-1,0.11866791644933983,4.58430442
1827,-1,0.38600162662987714,1.28167747
1828,-1,0.554887974558369,2.30858351
1829,-1,0.7725797034891002,1.94819281
1830,-1,0.48629667624481954,2.66709639
1831,-1,0.18819624727257178,2.41260656
1832,-1,0.9267042471674358,0.00864502
1833,-1,0.6685668318641547,2.02084878
1834,-1,0.5064768850752444,3.76634668
1835,-1,0.311610346911948,4.33000909
1836,-1,0.13861466153684887,3.18044764
1837,-1,0.7112064111242944,2.41988766
1838,-1,0.4314753217022371,2.70254571
1839,-1,0.6513321984766662,3.28207317
1840,-1,0.9989887991514479,0.0204174
1841,-1,0.2885603370850731,1.18811353
1842,-1,1.0668029787120759,0.00043835
1843,-1,0.4252590046780824,1.51738462
1844,-1,0.9120838647686469,1.31145533
1845,-1,1.4763279674934893,0.01334782
1846,-1,0.21301222492184024,1.218004
1847,-1,1.16007230921241,0.00832941
1848,-1,0.36744544467183005,2.5132574
1849,-1,0.4889072482001211,1.28406222
1850,-1,0.5994913381346123,3.28252689
1851,-1,1.0514546485296705,0.00752346
1852,-1,0.26227655333059374,0.81529439
1853,-1,0.6201615805912297,2.64257108
1854,-1,0.3573080219939584,1.80427098
1855,-1,0.59470016211435,3.5631977
1856,-1,0.49340440482410486,1.90900129
1857,-1,0.3058684696952696,4.60855529
1858,-1,0.5380891793902265,1.99671595
1859,-1,0.3704846166237985,2.63004373
1860,-1,0.11729101005585107,4.27007701
1861,-1,0.6669490423882962,1.78608039
1862,-1,1.442254323483212,0.01395447
1863,-1,0.5765964997226547,1.85827264
1864,-1,0.5007926348844194,3.97449901
1865,-1,0.6876689741784503,3.4393287
1866,-1,0.35230933305228973,3.769081
1867,-1,0.1953336711085285,1.472445
1868,-1,0.5264819166040979,2.42505779
1869,-1,0.4840185546072462,3.81223699
1870,-1,0.7155233756202506,2.2343455
1871,-1,0.1258726674677746,2.94293558
1872,-1,0.4289411559147993,2.73398523
1873,-1,0.4749481692488189,1.34725287
1874,-1,0.5125875162457305,3.18249552
1875,-1,0.6658195561249158,1.3450835
1876,-1,0.8194387156981975,0.03812325
1877,-1,1.127849410086128,2.43057928
1878,-1,0.6418988278164761,2.30854925
1879,-1,0.8004836167492613,0.00095018
1880,-1,0.4733600575309538,3.66293545
1881,-1,1.431780370139677,0.00983863
1882,-1,1.0271285265207553,1.98535044
1883,-1,0.22891208827786613,1.70678286
1884,-1,0.44182530784382834,2.89190328
1885,-1,0.20816396952795913,1.10017574
1886,-1,0.7627188968035625,1.30101253
1887,-1,0.3101663172310509,1.18706753
1888,-1,0.6613265789928846,1.83534455
1889,-1,0.3256097615121689,1.18984878
1890,-1,1.6534074583478287,0.00243231
1891,-1,0.5888334668725292,2.86265098
1892,-1,0.49754077571833477,4.08597478
1893,-1,1.929205869882935,0.00261655
1894,-1,0.4777509163614013,2.05865013
1895,-1,0.27163811839272967,1.12133387
1896,-1,0.5071093635115176,3.82520361
1897,-1,0.03873624851621571,2.53540433
1898,-1,0.6912059593742015,1.55922357
1899,-1,0.48388354742201045,2.80896848
1900,-1,0.11850739005694777,4.24230246
1901,-1,0.7139450212889642,1.55770568
1902,-1,0.11244018726756622,1.83235337
1903,-1,0.6122262077860796,2.24646742
1904,-1,0.5316167812088679,2.46713484
1905,-1,0.8273326391099545,2.76748076
1906,-1,0.033468949785628865,4.40646982
1907,-1,0.5789728632407787,1.2810498
1908,-1,0.11376146976544987,3.12539297
1909,-1,0.2902057452911322,2.97123764
1910,-1,0.5723040520115319,3.06655486
1911,-1,0.631242291901799,2.29708245
1912,-1,0.3131557803862961,0.95518668
1913,-1,0.6623513891554467,2.89692945
1914,-1,0.5870456668071711,3.30347863
1915,-1,0.3168903656023758,2.99011526
1916,-1,0.44380294648362906,2.8288992
1917,-1,0.740066995149391,2.04551238
1918,-1,0.06944460714066736,5.08073386
1919,-1,0.7169220480955119,2.84462002
1920,-1,0.17882200987969554,3.58247874
1921,-1,0.7145513326941,0.04191277
1922,-1,0.12321226306085009,2.18205534
1923,-1,0.2120725652184774,2.15746675
1924,-1,0.7059487724473001,2.45483952
1925,-1,0.877710717759328,1.57920218
1926,-1,0.5390169069869444,1.74862338
1927,-1,0.7777079631887318,2.53792798
1928,-1,1.0646476701185748,1.30969861
1929,-1,0.1607031987305163,3.82973279
1930,-1,0.23048852047395485,4.05442127
1931,-1,0.7553364715386124,2.92101008
1932,-1,0.5223839141399367,2.69731692
1933,-1,0.17191087154515117,3.35269978
1934,-1,0.9555444470970542,0.14194277
1935,-1,0.6664361169987387,2.19944642
1936,-1,1.0788686938030878,1.33955564
1937,-1,0.30593562469675817,4.6197438
1938,-1,0.7660424978894298,1.64709648
1939,-1,0.2769547627576685,1.96713513
1940,-1,0.6544966042565648,1.79719288
1941,-1,0.5117681069714308,1.7354359
1942,-1,0.11660650172416354,4.23170497
1943,-1,0.775637676470069,1.44160337
1944,-1,0.02100712142237171,1.94034875
1945,-1,0.562139166322595,1.33560184
1946,-1,0.700392105800347,2.29622838
1947,-1,0.4127308909301064,1.48970184
1948,-1,0.8560641483200016,1.69769016
1949,-1,0.36450234685617033,1.28686249
1950,-1,0.1388822041280946,2.2528984
1951,-1,0.9477938830787025,2.35134725
1952,-1,0.5888406903522991,2.55221411
1953,-1,0.3965863618941512,1.01499059
1954,-1,0.3067018346337136,2.54937703
1955,-1,0.6049745971540688,2.13816353
1956,-1,0.16737898612973368,3.81103069
1957,-1,0.6807440919965302,2.20807492
1958,-1,0.6775838607973128,2.22683259
1959,-1,1.0823869900650607,0.00476168
1960,-1,1.6121618250872416,0.01240169
1961,-1,0.49733973071397486,4.14431694
1962,-1,0.34931353958199907,2.36597724
1963,-1,0.05625581670756219,0.92468581
1964,-1,0.5868120970035307,2.86856062
1965,-1,1.4145529332108708,0.01393142
1966,-1,0.3800024532392854,1.41440826
1967,-1,0.3036608122420148,1.55788754
1968,-1,0.024366352472497965,2.22981021
1969,-1,1.3209272424137453,0.00789648
1970,-1,0.12618579373793182,4.37434149
1971,-1,0.10516535366150492,4.55754889
1972,-1,0.6473001331869455,1.52104082
1973,-1,0.44670527402558946,2.500791
1974,-1,0.4920105819019227,2.45820091
1975,-1,0.679585473071711,2.91706649
1976,-1,0.21678744778000691,2.17202475
1977,-1,0.5635991605322488,2.5532647
1978,-1,0.10649472449131281,4.51004058
1979,-1,0.5108474691860465,2.19576699
1980,-1,0.28260705214051995,2.57695436
1981,-1,0.7250504929652379,1.8369699
1982,-1,0.06361333255881618,5.16229728
1983,-1,0.6005637464704705,3.47476647
1984,-1,1.0866130836711818,1.68777665
1985,-1,0.22519346089211467,1.58621587
1986,-1,0.5176721572252063,3.34735664
1987,-1,0.6683003870057291,1.58858937
1988,-1,0.1208944083782626,3.36641146
1989,-1,0.5000778582143539,3.99121024
1990,-1,0.5917497907830693,2.07458191
1991,-1,0.7143062584327708,2.33240532
1992,-1,0.15871816102844605,3.62614637
1993,-1,0.7211254089270369,2.25115789
1994,-1,0.5307008132876945,2.42556059
1995,-1,0.5020569082125803,4.02778524
1996,-1,0.7037319333176129,3.26036476
1997,-1,0.20188351726119436,3.21754575
1998,-1,0.9626015962203383,1.94138168
1999,-1,0.5378243659106374,2.78459532
2000,-1,0.23224957109960087,1.67837815
2001,-1,0.7996569763236039,1.71555973
2002,-1,0.5610654172323848,2.61859195
2003,-1,1.1477137560359552,0.01483843
2004,-1,0.3698596496678874,3.01183181
2005,-1,0.42527374957899156,3.90724537
2006,-1,0.09278780508338969,3.151594
2007,-1,0.06403156185569969,3.08643904
2008,-1,0.4819390876673424,2.38748474
2009,-1,0.6397866687075293,2.27644895
2010,-1,1.4591003227906185,0.0135141
2011,-1,0.6272167051793076,1.12299122
2012,-1,0.2595738236595935,0.81060119
2013,-1,0.5639455905838986,1.53455408
2014,-1,0.8044336231978377,1.82038198
2015,-1,0.3436066660560755,2.25241507
2016,-1,0.738927415022772,2.05759741
2017,-1,0.9642452357002185,0.01946174
2018,-1,0.27061770950240316,1.10709752
2019,-1,0.4015392749715829,1.70957543
2020,-1,1.0725503672824743,0.01963562
2021,-1,0.6012361366811092,2.47423691
2022,-1,0.740707046152238,1.70490189
2023,-1,0.4455698310630396,1.08702623
2024,-1,1.4663915233359148,0.04744686
2025,-1,0.38820953628601274,1.41778132
2026,-1,0.6715389206692635,2.36205831
2027,-1,0.452783816349438,3.47734995
2028,-1,0.5340429819170822,2.5699819
2029,-1,0.03462934783783567,5.5105032
2030,-1,0.7086549936502706,2.43272494
2031,-1,0.1718494626948086,3.75939094
2032,-1,1.0800141972322308,0.47056763
2033,-1,0.5568387594030355,2.42710125
2034,-1,0.1286641116530518,0.99112884
2035,-1,0.2745855892135296,2.3132386
2036,-1,0.2674628153181402,1.09977515
2037,-1,0.7014659291507996,3.28147913
2038,-1,0.39365812746837037,1.7305606
2039,-1,0.118176649225461,4.21502933
2040,-1,0.4558020926833706,0.23052875
2041,-1,0.4869473004418978,3.90442685
2042,-1,0.18898199571594887,3.70483056
2043,-1,0.5050724461807476,3.47736886
2044,-1,0.32044019437307725,1.24267015
2045,-1,1.04634173915656,0.04262255
2046,-1,0.5390668955305955,3.48943626
2047,-1,0.13179378964196076,0.97160515
2048,-1,0.5576427745472756,1.20869408
2049,-1,0.4052707360642671,1.79403978
2050,-1,0.5759633470552217,2.75254896
2051,-1,0.39633786904232693,3.0422837
2052,-1,0.48545462241236237,1.72072791
2053,-1,0.14822731914591714,3.51722089
2054,-1,0.14955775102407642,3.19959798
2055,-1,1.8506221000097867,0.0029882
2056,-1,0.12336878407495533,3.62558498
2057,-1,0.7894877253420418,0.00030194
2058,-1,0.5030458039618679,2.65300027
2059,-1,0.16726653330806585,3.07427817
2060,-1,0.1733961220634228,3.55552763
2061,-1,0.41597582926442556,2.38957608
2062,-1,0.5593357334510074,1.15824604
2063,-1,0.7890587773545121,0.0014715
2064,-1,0.9597003847738961,0.02991527
2065,-1,0.8649799427803373,1.27886178
2066,-1,0.14883906769682653,1.09102043
2067,-1,1.009332872063169,0.04286419
2068,-1,0.9218387998771504,2.63195258
2069,-1,0.9970593810430728,0.01001976
2070,-1,0.7683672661278251,3.16849658
2071,-1,0.16894424008114584,3.2617982
2072,-1,0.12888609004221507,3.4233701
2073,-1,0.868275268603611,0.00646437
2074,-1,0.4487546987456881,2.25347721
2075,-1,0.9586921043955954,2.7642902
2076,-1,1.0675631576941669,0.0231243
2077,-1,0.4888464857140207,1.28771312
2078,-1,0.06189180922547166,5.14731286
2079,-1,0.432083654559392,1.64638861
2080,-1,0.5554784834930615,2.26656378
2081,-1,0.6187505682828487,2.36139604
2082,-1,0.16425825935129978,3.29871397
2083,-1,0.5002368862915318,2.39221545
2084,-1,0.7558312846049375,2.47433492
2085,-1,0.03237431032175664,0.9164909
2086,-1,0.6965204154948879,1.60512542
2087,-1,0.7554973824153421,3.07756962
2088,-1,0.8111308720253874,0.82111057
2089,-1,0.6051535619371862,1.09832936
2090,-1,0.4783147971465951,3.0193396
2091,-1,3.4981117706774967,0.44146654
2092,-1,0.41339188496749557,2.01758681
2093,-1,0.2846428171505977,0.73777757
2094,-1,0.4873325371136161,3.87665454
2095,-1,0.1888631389465445,3.50073507
2096,-1,0.5031641980804125,3.61444777
2097,-1,0.1292309475456932,3.43856875
2098,-1,0.4767924286170455,0.41683925
2099,-1,0.6388038015575148,1.34059783
2100,-1,0.12184670032638678,3.59946265
2101,-1,0.8727992443891708,2.69408294
2102,-1,0.4368152892402577,3.56707168
2103,-1,0.10403784530353732,4.83551537
2104,-1,0.6971895327569655,3.14127817
2105,-1,1.1793095838038425,0.00285598
2106,-1,0.16918334685669834,3.38793119
2107,-1,0.12184600087493891,3.37818538
2108,-1,1.2111693977567484,0.00504099
2109,-1,1.33150358252351,0.00464029
2110,-1,0.4931405865590932,2.61699107
2111,-1,0.8058751114913321,2.00080513
2112,-1,0.9352334172581322,1.98498955
2113,-1,0.14147584445254324,3.00450224
2114,-1,0.6978322173199558,2.49466944
2115,-1,0.6269249013894296,3.78907713
2116,-1,1.0379855493556533,0.05535738
2117,-1,0.43997101125569316,2.02542824
2118,-1,0.8531936659528583,2.24062802
2119,-1,0.35071870659521664,1.4762123
2120,-1,0.24850653013345436,1.07967336
2121,-1,0.14535558790612413,4.21058094
2122,-1,0.034629118670181924,5.51051114
2123,-1,0.39442723069441854,3.09242337
2124,-1,0.5023023389640002,2.59351572
2125,-1,0.1727988203492714,1.08723596
2126,-1,0.6840788258796238,2.23173057
2127,-1,0.8634418961719348,2.72672287
2128,-1,0.6496172309107351,2.88705694
2129,-1,0.8081065836995549,2.60139289
2130,-1,0.08693173309893609,3.09385641
2131,-1,0.5891448948750622,0.9490698
2132,-1,0.49912177236365096,3.40750057
2133,-1,0.525490797481325,2.17811128
2134,-1,0.4102437971505424,3.37769627
2135,-1,0.4839443527725962,1.8963355
2136,-1,1.011655742995572,0.00436828
2137,-1,1.4810462479726993,0.01072053
2138,-1,0.29692821915659806,3.71786467
2139,-1,0.5983439679312141,1.8713173
2140,-1,1.6135974177177559,0.00857016
2141,-1,0.16801486602162186,2.70527036
2142,-1,1.309882992591156,0.00494053
2143,-1,0.6378423766545893,1.29763719
2144,-1,0.36217616783687845,1.80170851
2145,-1,0.20623783402243134,4.15980134
2146,-1,1.0030592517341574,0.00237703
2147,-1,0.12241950977113447,3.14847791
2148,-1,0.23782905624102568,1.06052684
2149,-1,0.6941325276875432,3.02628598
2150,-1,0.46517408274667105,1.31544111
2151,-1,0.1617017586295333,3.587136
2152,-1,0.5455788574181497,2.71963468
2153,-1,0.307196639587346,0.5923055
2154,-1,0.14937083248241834,3.6784247
2155,-1,1.1294768417792511,0.00037356
2156,-1,0.19431918518876046,3.55689138
2157,-1,0.35439558487723843,2.92151605
2158,-1,0.6451332975302648,2.2135546
2159,-1,0.5996854641671234,0.01777571
2160,-1,0.5665555287851021,2.109782
2161,-1,0.31314130350438063,1.19639419
2162,-1,0.19237264675666665,3.51278881
2163,-1,0.17849371886768495,1.73928716
2164,-1,0.038752622276660986,2.52078842
2165,-1,0.2954747832063731,1.96503154
2166,-1,0.5484117036121461,3.53447426
2167,-1,0.6183122353650106,2.51510266
2168,-1,1.427305908409835,0.03466179
2169,-1,0.5673175636911765,3.09066525
2170,-1,0.5668395854627306,2.10736875
2171,-1,1.1813599345441617,0.01117947
2172,-1,0.4755032040611695,3.41120066
2173,-1,0.5745318275421596,2.53296194
2174,-1,0.371046763002596,3.17883987
2175,-1,1.0558507870518952,0.00465823
2176,-1,0.784194393463622,2.57840543
2177,-1,0.2581692654712242,1.30211386
2178,-1,0.329694549773194,3.04132005
2179,-1,1.0598639866566373,0.034458
2180,-1,0.7283488194116217,1.95018052
2181,-1,0.6263715743989451,2.27084573
2182,-1,0.8129696247488027,0.00525547
2183,-1,0.6314470497636648,2.95886173
2184,-1,0.11339856477206922,3.10177251
2185,-1,0.7945207432385359,1.15190664
2186,-1,0.06364791005808002,5.1896011
2187,-1,0.7260286584278219,2.16762195
2188,-1,0.5810364607714291,1.75935555
2190,-1,0.5809223450887657,2.03775051
2191,-1,0.4807835638530378,2.07048648
2192,-1,0.12069533420799416,3.36917372
2193,-1,0.3580273846455384,3.04625805
2194,-1,0.5269997257528303,2.2236988
2195,-1,0.5887112694472307,1.06274752
2196,-1,0.28586179059857386,1.15322778
2197,-1,0.2861372046845645,3.02052726
2198,-1,0.798460265614267,1.49561569
2199,-1,0.5658842668526631,2.21480532
2200,-1,0.3018286339374754,2.91192925
2201,-1,0.6647451056142017,2.33812925
2202,-1,0.8367492650677377,0.01669711
2203,-1,1.1154089655610733,2.026028
2204,-1,0.16553232039768773,3.50031117
2205,-1,0.4246797845735273,1.39705785
2206,-1,0.9060426935229771,2.19680204
2207,-1,0.7247942803769547,1.42556261
2208,-1,0.2872069574186753,1.21183532
2209,-1,0.8543294128230627,2.88870098
2210,-1,0.6373756323318958,2.22370144
2211,-1,0.8846222272222803,1.46637065
2212,-1,0.18683149164189672,3.18472123
2213,-1,0.8060606108665525,0.64843317
2214,-1,0.8676495194231393,0.00922038
2215,-1,0.26885576649874565,1.13094081
2216,-1,1.0459851412815624,0.00053591
2217,-1,0.9745157262250359,0.02378545
2218,-1,0.3562953623259091,4.07506419
2219,-1,0.6434166341341552,3.18080583
2220,-1,0.7184167777541006,2.49609729
2221,-1,0.4208048037799017,2.62484264
2222,-1,0.3091447355291166,4.53604718
2223,-1,0.37931288719846634,1.49476024
2224,-1,0.4207875396423333,1.43858547
2225,-1,0.8596453176687646,1.72223836
2226,-1,0.258421826583799,1.63238589
2227,-1,0.15708024579907942,2.54064112
2228,-1,0.3430075465621485,1.04564691
2229,-1,0.4411493195766525,1.37473866
2230,-1,0.5031377572959173,2.58861564
2231,-1,0.46807089388494205,2.24532985
2232,-1,0.4631093164152844,3.49580283
2233,-1,0.5065847393325384,4.299582
2234,-1,0.6596181136228552,3.12466956
2235,-1,0.5468565999035491,1.09940893
2236,-1,0.11539461088887037,4.20506635
2237,-1,0.6652104131262604,3.37927662
2238,-1,0.11433344338911411,4.12530342
2239,-1,0.5537480793418581,3.74402292
2240,-1,0.28285817080359266,2.52592255
2241,-1,1.7051765609176073,0.0119442
2242,-1,1.389746205695701,0.0242746
2243,-1,0.7144858726132952,2.70678591
2244,-1,0.8848978021887888,2.32760435
2245,-1,0.40967454440760775,2.45615422
2246,-1,1.8857369600846141,0.0234938
2247,-1,0.4121290394141397,1.42628047
2248,-1,0.023787364352756413,2.23425652
2249,-1,0.8093217907116923,1.511413
2250,-1,0.6277654723999149,1.04741672
2251,-1,0.07881214438384632,0.93766034
2252,-1,0.49660847446375556,4.02551641
2253,-1,0.5251965314801055,2.29698959
2254,-1,0.5440853905201948,1.29866272
2255,-1,0.11484554725029739,1.06844075
2256,-1,0.4251778905199899,1.38756699
2257,-1,0.07880866469349712,0.93768861
2258,-1,0.30284978820418473,1.13535809
2259,-1,0.6856136854366923,2.84543563
2260,-1,0.27519844884409395,1.76005502
2261,-1,0.8351785856757488,0.00488972
2262,-1,0.10037300431577023,0.98721749
2263,-1,0.7154186076604674,2.51565475
2264,-1,0.09976243651180994,0.98713935
2265,-1,0.3956209620264417,2.24609187
2266,-1,1.2556623125601618,0.02945372
2267,-1,0.052987126650805294,3.41144058
2268,-1,0.8575585183461953,2.85772357
2269,-1,1.125399623215344,0.00170782
2270,-1,0.5382873636881413,2.54226917
2271,-1,0.13502122861609678,3.09957906
2272,-1,0.034629327838047175,5.51050314
2273,-1,1.0794705709122354,0.01005788
2274,-1,0.7474263786752999,2.53272747
2275,-1,0.5725115870609443,2.81524106
2276,-1,0.636234605071877,3.50597625
2277,-1,0.36173269520077156,1.25572715
2278,-1,0.14439034143379104,3.35132657
2279,-1,0.6906522794270131,3.26321467
2280,-1,0.4890307159621443,2.42355613
2281,-1,0.8206255872391921,1.44914758
2282,-1,1.0296407636542426,0.01186546
2283,-1,0.6247062600778008,3.57441886
2284,-1,0.05162911567822448,1.15766046
2285,-1,0.4574411832891201,2.25632704
2286,-1,0.5308591583070665,2.26459657
2287,-1,0.37211832351204066,2.23338058
2288,-1,0.13817993402881257,2.68156915
2289,-1,0.8552798232267378,0.00950219
2290,-1,0.7021578615240287,0.00066045
2291,-1,0.12489782342527178,4.53192412
2292,-1,0.3960174322310195,1.37324493
2293,-1,0.34978419219442003,2.68035054
2294,-1,0.15957566310589755,3.1445449
2295,-1,0.7867711096332641,1.44586038
2296,-1,0.6055159870265925,2.10587132
2297,-1,0.11134646233585954,2.09952744
2298,-1,0.6241710534141021,3.59809782
2299,-1,0.7358636441040289,3.23967782
2300,-1,0.6686045205424307,1.8784314
2301,-1,0.6421698247686436,1.87505459
2302,-1,0.42515705988989794,1.39405354
2303,-1,0.36001059464979335,1.49482537
2304,-1,0.3629669218662457,2.85792665
2305,-1,0.52558290090019,0.78570228
2306,-1,0.7747225903040089,1.8062381
2307,-1,0.5750730519321223,2.47881397
2308,-1,0.6597970215625537,1.39702052
2309,-1,0.21237991868474637,1.21627045
2310,-1,0.8606423400215135,2.80340869
2311,-1,0.5024644998820804,4.00717055
2312,-1,0.30597949136335956,4.57732719
2313,-1,0.16258414049389103,3.06475112
2314,-1,0.05625769705147832,0.92467031
2315,-1,0.10517716616504913,4.51998537
2316,-1,0.8681138152860512,1.57737612
2317,-1,0.1652060874948802,1.14237298
2318,-1,0.29540820053625794,1.90582051
2320,-1,0.16157328330791643,3.05544519
2321,-1,1.2278692017389403,0.00351268
2322,-1,0.8023079301892722,1.82721647
2323,-1,0.10480553365596279,2.89324015
2324,-1,0.8023075578057615,0.0020288
2325,-1,0.5225989546124765,2.44740462
2326,-1,0.4458162984428782,2.29699002
2327,-1,0.8868080647880561,1.71433669
2328,-1,0.3059291963609212,4.59858269
2329,-1,0.6677125175519905,2.3070939
2330,-1,0.8643397557716526,0.02413591
2331,-1,0.5806727387971478,1.53273184
2332,-1,0.7213338366273092,1.52247866
2333,-1,1.1415422664140351,0.00624091
2334,-1,0.18348411539591325,3.48377904
2335,-1,1.3177005934176123,0.0077166
2336,-1,0.08076522644387296,3.71458808
2337,-1,0.9944091011220735,0.25372266
2338,-1,0.023788104344930616,2.23425499
2339,-1,1.7746147994512285,0.00167522
2340,-1,0.7351328386266687,2.77075946
2341,-1,0.86672284434826,0.07091401
2342,-1,0.20576363177497115,2.08014654
2343,-1,0.4568904312145605,2.47697821
2344,-1,0.5213635241398151,2.26440543
2345,-1,0.11432408338805544,4.13291362
2346,-1,0.2684511190182093,3.82285783
2347,-1,0.6526956327888911,2.47396526
2348,-1,0.8188639182844781,1.65465144
2349,-1,0.30586792849135236,1.18028806
2350,-1,0.45784471463775844,2.8946093
2351,-1,0.6377325159155589,3.44758266
2352,-1,0.6197520397017797,2.72584497
2353,-1,0.24312178631134884,4.40371714
2354,-1,0.3693926036794437,4.39256121
2355,-1,0.16037011904700194,3.95189863
2356,-1,0.30367699136149895,4.57364887
2357,-1,0.26990114051159253,4.03510998
2358,-1,0.687863038137948,3.22497137
2359,-1,0.11162252520080074,4.74619503
2360,-1,1.1685367703876182,0.0021325
2361,-1,0.130177639489375,3.69306793
2362,-1,0.35954318675067043,2.74304688
2363,-1,0.5727671106797061,1.0198416
2364,-1,1.076319074982166,0.01243116
2365,-1,0.9790293856030985,0.05624958
2366,-1,0.21799531083161128,1.05064349
2367,-1,0.10328000949812122,4.49474814
2368,-1,0.6764099184329098,1.99954206
2369,-1,0.5640225283787004,2.17411984
2371,-1,0.9854896396336699,2.74449405
2372,-1,3.8180375322849613,3.16022437
2373,-1,0.6483315828518244,3.50564873
2374,-1,1.2988250167336446,0.00795549
2375,-1,0.3012648323829126,3.34278192
2376,-1,0.3164601757816854,1.26808425
2377,-1,0.762722456784104,1.96574272
2378,-1,0.10515181699247478,4.54197068
2379,-1,0.4070605998458632,1.50275368
2380,-1,1.6611148897209205,0.0042833
2381,-1,0.5213632073264307,2.37829734
2382,-1,1.520238596276613,0.02044669
2383,-1,0.20798721139726695,1.08573152
2384,-1,0.49731289312148874,2.65343638
2385,-1,0.12284116254249966,3.44180454
2386,-1,1.2673415881999972,0.00534447
2387,-1,0.5407887356977881,3.82069254
2388,-1,0.4284891826500825,1.27905938
2389,-1,0.11568660976081446,3.13867567
2390,-1,1.0241769592357741,0.00163512
2391,-1,0.632320855584112,1.96773228
2392,-1,1.0026930204185192,0.0079032
2393,-1,0.6952152771009423,2.11349314
2394,-1,0.1536732720614964,3.06965061
2395,-1,0.35810429945740907,3.08949012
2396,-1,0.1475199633205193,3.99210714
2397,-1,0.12898550282898213,3.69992334
2398,-1,0.14160015226480027,3.26833651
2399,-1,0.7841938968704198,1.86905128
2400,-1,0.21086175579057453,4.05429064
