id,formation_energy_ev_natom,bandgap_energy_ev
1,0.06796006571221369,3.43867338
2,0.24896767259178887,2.9210143
3,0.18211200165524133,2.74376465
4,0.21723424953052017,3.34924547
5,0.050455025120754726,1.37928024
6,0.22092619206432573,2.16330071
7,0.05621095742753823,0.98538443
8,0.22429181344705285,1.71792486
9,0.2193374908711121,2.62571816
10,0.1994052456029749,2.51869879
11,0.05808826714201132,3.87233579
12,0.2589538471693231,2.88053214
13,0.0534630979063877,3.90391287
14,0.07798807966537424,2.53712537
15,0.38996700051939115,0.92505825
16,0.16596448595919355,1.58521495
17,0.2543888996478927,2.29133093
18,0.050251575721631525,1.1844239
19,0.1918630584168568,2.56701044
20,0.20630713885111618,1.5596334
21,0.09176429246508633,1.13647089
22,0.0566148175539638,3.96913369
23,0.20268646388103662,2.91217115
24,0.27528074509064027,1.18110095
25,0.0916426927460634,4.03708984
26,0.17831319882589014,3.33530831
27,0.35175982903638214,0.97599524
28,0.2236522362386495,1.96720346
29,0.18979587246576557,1.14963564
30,0.21064617816591635,3.3923441
31,0.32686269014448044,1.54603849
32,0.2720913937992009,0.40947101
33,0.23424686141879647,2.12639986
34,0.1468774760451197,2.44567521
35,0.1259372942149639,1.36318731
36,0.10642556024322403,1.97575741
37,0.2341096946838661,1.9982968
38,0.29930376851552865,1.34599511
39,0.3660459971615637,1.33924619
40,0.2544684804706776,0.92699055
41,0.16466993511130568,1.54017817
42,0.15733830910448887,3.43875558
43,0.2875548707834241,2.26996809
44,0.20925697186612524,3.99887221
45,0.21079802295389527,2.30549123
46,0.021866123101972335,2.83867524
47,0.31235466833095415,2.02341
48,0.2123376081999595,2.53168952
49,0.24557252527301898,0.67861256
50,0.22606410099797358,3.48193871
51,0.16076037008133426,2.51425899
52,0.11171053622547333,2.94290881
53,0.09075916328583844,0.99611068
54,0.385039093252999,1.28858599
55,0.1184784735141875,2.32978763
56,0.046696738099853974,3.77593148
57,0.23578570608151495,1.7357899
58,0.07280872907358571,2.14972033
59,0.06174407143589633,3.70294336
60,0.09497861175532307,3.82260385
61,0.1461332561029849,1.83873673
62,0.19853289969432808,2.67297645
63,0.4401838912963285,0.3669976
64,0.23278632797882892,2.25928174
65,0.06141377548374294,2.43451819
66,0.11375101075827843,1.69437144
67,0.2698557397525292,1.84542048
68,0.21025124633524683,1.56782163
69,0.12521235539225017,2.74326188
70,0.2711741506891485,2.13451594
71,0.27279201693090727,2.54175105
72,0.14318332156108227,2.97524133
73,0.267653906794294,1.02049583
74,0.04417633949742594,4.23092259
75,0.22916071882718825,2.34135145
76,0.164913990192872,1.63718633
77,0.21431347047837335,3.62418809
78,0.08240170507633593,1.14993966
79,0.25273702077356575,1.34153389
80,0.17558513298354228,1.68216116
81,0.2614083956814284,2.0137318
82,0.021485125184881326,2.58378245
83,0.2799766986936447,0.96612745
84,0.13192609965699376,1.42850096
85,0.2665386144508375,2.33999236
86,0.11035931612696004,3.43706629
87,0.18013571434494224,1.70884017
88,0.07020666532298492,3.45022238
89,0.13570228185471933,2.35513684
90,0.2867310214060126,1.80951049
91,0.21352075249524205,2.19640607
92,0.10232342743620393,0.98431977
93,0.37644533564161975,0.90516148
94,0.2374169760287259,3.18288024
95,0.19874429905939905,2.54847862
96,0.12605599968537717,3.40810263
97,2.189699443988502e-07,0.91658294
98,0.04058054768393049,2.73222095
99,0.16042578734413837,0.76314999
100,0.1064239967490721,3.22721061
101,0.040877428709791275,0.91327093
102,0.11032020695893152,1.94966774
103,0.10221185758837237,3.67855801
104,0.2221365698005684,3.24289717
105,0.008023240920920216,3.23506624
106,0.025350718728986976,3.1446497
107,0.03727787685875228,3.57376658
108,0.35195280082916724,1.64291735
109,0.3011236735710554,2.04351193
110,0.25726606561875087,2.00557736
111,0.22966169872233877,1.84735
112,0.10932674422292621,1.2062478
113,0.05565213725276408,2.17442808
114,0.17938708472684084,2.50796591
115,0.0683724011241793,4.50943721
116,0.07837523810849234,1.69914122
117,0.4020006185874081,1.12812304
118,0.19835659451928223,2.11888276
119,0.12188130798676866,2.09806205
120,0.21072368579552858,1.83581124
121,0.4390065223651618,1.01692759
122,0.25581266915651213,2.23765427
123,0.14662541460893408,3.47502342
124,0.22713861406373326,1.43698336
125,0.2076738091000152,2.30180377
127,0.07498103959733271,1.03383699
128,0.2583231838980282,1.68647441
129,0.24444294470413297,1.91353712
130,0.24309393119438027,2.5233359
131,0.24847952880918456,2.23347086
132,0.24018987936869962,1.6617524
133,0.09691172867860587,1.86914267
134,0.44614596417886787,0.79280738
135,0.2108865387890546,1.93234201
136,0.12309558223478234,3.34551471
137,0.044060211025680474,3.29712785
138,0.07376252665949323,5.21144735
139,0.12058709079610708,2.33639313
140,0.41632384834429104,2.55919825
141,0.21800621192596736,2.76984692
142,0.14960668962885393,1.34637595
143,0.35811883621136076,1.21579298
144,0.2890594965174387,1.20557568
145,0.25504573317448376,1.28413082
146,0.07470399970770814,1.01683573
147,0.10678470549919439,3.54512626
148,0.190439332573078,2.62776514
149,0.09934499716109713,2.90368659
150,0.09765217519088765,1.02970428
151,0.3689275384385837,1.58780761
152,0.1380653086289385,2.51436573
153,0.334126153620673,0.93843865
154,0.09946764136202546,4.32390621
155,0.20661906256464135,3.0471962
156,0.009219916046276921,1.4592781
157,0.2357900267088553,2.04910735
158,0.23491049229050986,1.40177144
159,0.31337068562606873,1.04042006
160,0.05152458866177767,4.28965314
161,0.13794163527563796,1.79305115
162,0.11495839677081676,1.01336818
163,0.11939979337512341,2.61343813
164,0.012342179343249882,2.35290836
165,0.14996720567069133,2.0009734
166,0.1061094148826669,1.24601164
167,0.30687688728903595,1.14346397
168,0.39098927800296224,1.6526228
169,0.1381766654230887,2.8253895
170,0.060639262264885474,3.78041013
171,0.44390480064976146,1.60617236
172,0.22134665471639892,1.95776247
173,0.4094730966244242,0.46098954
174,0.33172300707519753,1.43376323
175,0.09820343182582292,0.97431336
176,0.04279758699794911,4.28110312
177,0.2186623452234926,3.26618784
178,0.12824944333260646,1.2619758
179,0.3491611777917569,1.27857173
180,0.27573711196964723,1.84359134
181,0.4951931985124247,0.41085893
182,0.12610427667823387,1.94562058
183,0.13320356974872993,2.53435246
184,0.0253719122702023,2.42526838
185,0.34317871319217375,1.20526476
186,0.10248614158626879,1.07748422
187,0.07436240920469572,2.5823359
188,0.21353228032239713,2.2312911
189,0.2709964512359875,1.09642171
190,0.3761137588389829,1.2417165
191,0.03524093654505123,3.16625643
192,0.1279193217669672,1.5454607
193,0.2350580240272393,1.01926544
194,0.08563903890717484,3.26170156
195,0.43270931633742293,0.62362132
196,0.3505866084014997,1.54975759
197,0.2227013347146567,1.97427027
198,0.2126040685834596,2.55126988
199,0.20416800448401773,2.61412743
200,0.05981813554171822,0.96773608
201,0.19845835007799906,2.64526197
202,0.1848156594678585,1.03409536
203,0.041578845939511666,0.91003736
204,0.28084349622076843,0.79347637
205,0.18477683531273215,2.13740622
206,0.1282837187682162,1.30274377
207,0.07724343448899162,3.38201606
208,0.18826419560355134,2.05632118
209,0.17804288755542075,1.45617805
210,0.2288625173332548,1.86458527
211,0.3169365300254867,1.90638936
212,0.17682514876469213,2.07237441
213,0.010027908174379263,1.34249441
214,0.2933182150718494,1.22214741
215,0.23106994592126284,3.16679218
216,0.18182772957516136,2.39489628
217,0.12948175738074497,3.66193672
218,0.09051297953192261,1.9306898
219,0.16296967820380814,2.85183376
220,0.2107408002302691,1.80476906
221,0.1170142838236643,1.20195606
222,0.32262183141938294,1.52001713
223,0.24017344914682326,1.69760243
224,0.18923831225947652,3.75318496
225,0.23402922186505748,1.41306175
226,0.13674790630830103,1.53814987
227,0.12247591108007327,4.08057909
228,0.20540831611469912,1.89412239
229,0.10616788124025334,1.69089237
230,0.1478801413668407,1.8402917
231,0.345159382231941,1.45489628
232,0.2558481946380198,0.85357345
233,0.1097828481988472,3.1215038
234,0.17783472232622444,2.99857412
235,0.2922024198414874,0.80371927
236,0.22814445315816556,2.06189684
237,0.23641373876671423,1.94472769
238,0.1848786405298597,2.71635037
239,0.29029505742755646,3.44382
240,0.22045732917831629,2.11591838
241,0.18181521470978623,1.1437107
242,0.07580203375255223,0.94392628
243,0.1511421503528254,2.78303213
244,0.07229632060443691,3.05009147
245,0.34273679651960265,0.79939255
246,0.1570848870142072,1.7473857
247,0.29708225767535623,1.94138941
248,0.06467682670972863,3.25016055
249,0.23941714784086798,1.92918336
250,0.1395790803962882,1.36331435
251,0.06800013498377666,3.66617632
252,0.293996429645631,0.29339371
253,0.2229674765112577,1.8180977
254,0.056989106028595415,3.35010872
255,0.2811945312532771,1.41805919
256,0.13827670094542555,1.58961396
257,0.10297003002051497,1.0845432
258,0.2644947523367591,1.65024267
259,0.10566321310307103,3.2978372
260,0.04132357518301433,2.60207597
261,0.08263054014605586,2.0494168
262,0.21194898403336992,1.47329136
263,0.10157545726542594,2.9164252
264,0.2641026330729801,2.25685449
265,0.11469135637980798,3.4165702
266,0.33489504771750944,2.07380947
267,0.20393862892888137,1.60953237
268,0.10859074716336181,3.34716684
269,0.17830544427852146,2.04396016
270,0.04018587435439258,2.93430754
271,0.010742304584709927,1.8683322
272,0.2316335449086182,1.88195974
273,0.14825869702690397,1.8610116
274,0.38740601646622963,1.97154106
275,0.22535296016940265,1.44261659
276,0.20203030728225713,1.14923215
277,0.02153633368834562,2.12042152
278,0.21147634835870122,1.04872306
279,0.20407239050655335,3.05320132
280,0.21134100005838263,2.27558432
281,0.25060461748580565,3.09354427
282,0.07126798956505809,3.30736615
283,0.22484690941382723,2.35509145
284,0.06215785948825214,3.5550554
285,0.2292780655079696,1.54358476
286,0.3600206892406277,0.52881899
287,0.1934574701499514,2.55902319
288,0.37766300611110637,1.44356332
289,0.15936129464535043,1.31902224
290,0.2186209181081722,2.96307254
291,0.3287602522686939,0.82974096
292,0.12774018114214414,1.27804065
293,0.374619365829858,0.71259036
294,0.04430009436646287,4.67945264
295,0.1972743644455477,2.4260019
296,0.2931940872804262,5.628e-05
297,0.13486330120940693,1.39166912
298,0.3268707440383878,1.37763714
299,0.2890365492339697,1.4616207
300,0.03976636746301665,0.92025206
301,0.3942481590274838,1.79440446
302,0.10031883571173239,3.43227671
303,0.020979638811695622,1.49405208
304,0.27827854093629867,0.60449955
305,0.07202013311371047,3.24545462
306,0.11148322430017288,1.00358493
307,0.31598468054653495,0.68166851
309,0.20416232538991608,1.3375289
310,0.2006069024628232,2.56555222
311,0.04262238684532349,0.8872179
312,0.054930963888182305,1.65319994
313,0.22644123350801237,2.71096206
314,0.10445320831422578,3.49930084
315,0.12792760684533278,2.29125459
316,0.32910932653066993,1.55999014
317,0.048587594774289755,3.29005857
318,0.07100959690433228,0.97243307
319,0.13729688478633761,1.34175362
320,0.2505941490198893,1.18877495
321,0.23946235002767935,1.89217504
322,0.15956612935951853,2.33987423
323,0.1448380718329645,3.06744048
324,0.08677017757690919,3.04683466
325,0.13371901006394182,2.25777903
326,0.10784280836332982,3.78278317
327,0.08825882568999077,2.59403358
328,0.12139044962168555,1.71395349
329,0.20210374124872033,1.85460331
330,0.1505205092325923,1.54362858
331,0.06018820758072252,2.57053939
332,0.1128578882162401,1.16545309
333,0.2405507809453411,1.37797801
334,0.2407613354989735,0.89912257
335,0.1951993379589112,0.68628266
336,0.20257686132936215,2.65348147
337,0.40234490943475976,1.23905777
338,0.29487760342817637,1.06863089
339,0.24485243059643835,1.83677554
340,0.3572606914667631,1.59722051
341,0.13167441238692845,1.23521969
342,0.06100512949160475,3.50584031
343,0.022896037694408733,3.54879083
344,0.19849533706292277,1.18358342
345,0.23131327719966066,2.22296401
346,0.1463725062149024,2.09158755
347,0.19497006194796995,1.50700786
348,0.18448701604029338,1.86975572
349,0.22007712999766227,1.53092816
350,0.1676277120714076,1.56561854
351,0.10716378268625704,3.2643272
352,0.18054459971608594,1.18823205
354,0.10926081778961816,3.3219462
355,0.3507455924045644,2.17942868
356,0.04712956166258664,1.39252464
357,0.19458200521967228,3.06691465
358,0.4020627428235457,1.23983233
359,0.10656877206656645,3.45109887
360,0.26978890360624064,0.88709241
361,0.1727438540183357,0.87139165
362,0.36969818611396477,1.16585397
363,0.1270480345647229,2.7888056
364,0.05094426892355841,2.44735591
365,0.14573398322681896,0.88369001
366,0.17784706151360297,2.80798739
367,0.18282968676430755,1.42916314
368,0.11151961578434566,1.40340623
369,0.3236488490256306,0.986865
370,0.07136151865779539,3.39251547
371,0.2289008671323245,2.2311348
372,0.19544520469935378,1.14116312
373,0.050973306424566545,2.08150755
374,0.04682838539338263,2.57494874
375,0.1919096307392465,2.66051663
376,0.2322940933117934,1.78323578
377,0.10943662090994621,3.10400497
378,0.3624391214680145,1.9684597
379,0.07337170647588209,1.44685122
380,0.0894946100947891,4.35825712
381,0.0393154201856305,2.84770382
382,0.27325794083481014,1.72670796
383,0.22861656943632624,3.76796548
384,0.21869196882107644,1.82511366
385,0.14036133068657364,1.19312267
386,0.1202817452394811,1.20870164
387,0.22663574540274567,1.32080709
388,0.11388205412913521,3.11827819
389,0.1440468064356537,2.83357047
390,0.43135024314324255,1.1354621
391,0.04591216727931169,4.38676164
392,0.32643937529428513,0.72841702
393,0.04672668978173533,4.42285559
394,0.234041199537387,2.1107195
395,0.28037502968800254,0.90552437
396,0.35644402491925575,1.28752355
397,0.1985372851777356,2.47505984
398,0.245286054355347,2.74469338
399,0.4294160213430587,0.85643111
400,0.34928686657622166,2.44192336
401,0.18596554693431244,1.32050184
402,0.087119234972306,4.52874479
403,0.09356703591492987,3.42145794
404,0.3503435044149228,2.76015517
405,0.27410546194914787,1.91049567
406,0.24028061558055924,1.162394
407,0.0319191806102026,4.55332163
408,0.17966718198294984,2.97391669
409,0.18365787584116333,1.25401721
410,0.2602063264021126,1.32786446
411,0.2481666166386276,1.31886806
412,0.03230988191717188,2.28846878
413,0.25337554934594664,1.58205323
414,0.2750057641969761,1.67305621
415,0.14222415320546133,2.40205507
416,0.24749868256549235,1.43690859
417,0.08246302785664739,2.14332435
418,0.09104924156417837,1.87060776
419,0.21989490845953696,0.88259752
420,0.19363584191523842,1.09073321
421,0.20262055782950483,1.66005082
422,0.2510639361298672,3.32182011
423,0.11803713328845333,2.22050281
424,0.5239077100850409,0.52007043
425,0.16622936512248998,1.99164583
426,0.12872032859377214,1.3821069
427,0.35691597507138795,0.65808945
428,0.19116406876491965,1.4874689
429,0.06171301209178637,0.95666657
430,0.06071666810385068,3.71299756
431,0.06925344371211395,4.23145061
432,0.1835023329476826,2.58070763
433,0.3884491433564108,1.52245947
434,0.10400715200375998,1.1344785
435,0.21663052753865486,1.63632795
436,0.3233628578709613,1.31181482
437,0.22290103428531438,0.79536683
438,0.10423411549709272,3.042882
439,0.2212843833513034,1.82250378
440,0.2994287634828652,1.02877368
441,0.20855690448115638,2.84091332
442,0.11335532453813357,1.30390334
443,0.1346836732045631,1.14508849
444,0.13962643889499304,2.74001756
445,0.09905663748213556,3.59390871
446,0.24705846273718635,2.00713106
447,0.0788760850628023,1.48980088
448,0.20257505215340643,2.31726035
449,0.22119928988786342,3.89120957
450,0.14952585564969922,1.67173527
451,0.19216968030377757,2.07645295
452,0.30703630619427713,1.77235087
453,0.1833204251488496,1.19481549
454,0.22252453060900734,2.97631916
455,0.1078406074270788,3.78193123
456,0.2784739750495646,1.28738983
457,0.19995253471279284,2.80228867
458,0.06469375837696134,3.27119912
459,0.4101829054252448,0.22692703
460,0.2740338611329207,1.09922896
461,0.10725925511906098,2.37440275
462,0.1542125392552407,1.41006008
463,0.1379320500382164,2.29211137
465,0.31648415859308443,0.00569784
466,0.27377548945878516,1.54197711
467,0.01136796719947597,0.93256427
468,0.16841893451783108,0.76423784
469,0.3525300339970272,0.82356779
470,0.10581419028767414,3.09748433
471,0.09359018817121978,1.34535841
472,0.26411177164845867,2.28423088
473,0.19771612061958876,2.5183992
474,0.3684463042554853,1.85307012
475,0.1999214445186226,2.89715033
476,0.1932934229444072,1.3787263
477,0.5263525264581403,0.95989168
478,0.21726078779465752,2.94272269
479,0.21226504857622785,1.3646336
480,0.10072543243950349,0.9787601
481,0.16217020310250518,2.59949896
482,0.26227000813378254,1.46294645
483,0.14122487662461936,1.69332403
484,0.09698849304186297,2.83370773
485,0.21834114337252686,2.11576538
486,0.18460566226622177,1.74839313
487,0.17270687501877546,1.62086464
488,0.0678439399052877,0.92355636
489,0.26513013469411817,2.02863154
490,0.06083140955524868,2.8162227
491,0.2626769490780134,2.24708192
492,0.07617180253873812,3.21705186
493,0.23012400764855556,1.73996764
494,0.0604087380997953,3.6910733
495,0.19809160507065826,1.32590939
496,0.16255180145890336,2.5351864
497,0.13549926012274227,0.86867569
498,0.14962672964429657,2.368162
499,0.3863021203687822,1.62037423
500,0.15937668459628185,2.21088192
501,0.10821407237472158,3.26423536
502,0.33923325263458537,0.27172702
503,0.06881490893647424,3.62742433
504,0.037516773109018686,4.47690311
505,0.020896176056339755,1.72668217
506,0.20877034152363194,0.6521881
507,0.17143723315712123,2.60326537
508,0.0615587967195097,3.8838961
509,0.11244629502016323,3.06608037
510,0.10475660654265084,3.59513481
511,0.11711087157891598,2.11620181
512,0.07100859782440239,3.41803274
513,0.3590683720904053,1.81225915
514,0.3118650269607315,0.84342426
515,0.1500139935160405,0.84621541
516,0.2433117328564549,2.77152571
517,0.35118294101266656,1.00966234
518,0.36684596007035,1.78831416
519,0.2872149816357705,1.44778541
520,0.11341206220549793,2.75433409
521,0.12575659621688828,1.9108192
522,0.24362612405639084,1.74637133
523,0.482875647230685,0.71969724
524,0.17669227641817997,1.69921745
525,0.24199737796152476,1.72661123
526,0.15924124796583783,1.42147614
527,0.33437789471463475,1.12630745
528,0.06334821643577015,3.71847266
529,0.08196679674256302,2.90583365
530,0.015019511172340572,5.24572192
532,0.1741040140768746,2.15928456
533,0.17347844168398296,1.46932138
534,0.3739234871682129,1.73402166
535,0.2090598681661504,2.42755759
536,0.3231336213048053,2.34415123
537,0.19573059835238382,1.80096181
538,0.037050262694720004,3.53739566
539,0.4572204236228572,1.62084905
540,0.08840628549478424,3.12709629
541,0.37934769291496195,1.63298235
542,0.17109572220761038,1.60156335
543,0.11757996478081623,3.16567968
544,0.1896198943722993,2.60455906
545,0.34753785674183746,0.58475858
546,0.3920597019532579,0.65708522
547,0.1057904119579689,3.38747221
548,0.29983382615682785,1.0097102
549,0.055408403391083993,3.93332686
550,0.18127425903003314,2.21059912
551,0.35038794132560724,0.57103348
552,0.23509180140536046,1.41628616
553,0.19128160136460792,1.04625858
554,0.32539175774218165,0.96804012
555,0.25984198478909093,1.18212595
556,0.3025747065385076,0.99932601
557,0.23582894618812134,0.9900796
558,0.08139738312820555,0.97738433
559,0.22095860227636877,2.4882314
560,0.3370872444475026,2.67076489
561,0.06862275115963712,3.45922257
562,0.44386723237039405,2.01514343
563,0.13202557653130498,2.5281847
564,0.10516855712921824,1.96012165
565,0.2068535469516064,2.56890835
566,0.23041265382744314,2.43402292
567,0.1721793955493922,2.94779667
568,0.14077495299716247,1.84060589
569,0.13141583684046054,1.14837956
570,0.04771678633915144,1.22056995
571,0.3495990725605225,0.18351475
572,0.17525040138934855,1.19800946
573,0.16992300521906145,3.17444938
574,0.16837769841004047,3.26885115
575,0.11049667210500047,1.94007658
576,0.10774869722808944,1.01294772
577,0.3063793866385822,0.79270996
578,0.021094536841701483,2.23087882
579,0.03685766393573431,2.59686481
580,0.1324662723527581,1.70097824
581,0.1147874309663166,3.31172553
582,0.5368638842537621,0.29613321
583,0.20708369820567896,2.15700343
584,0.1869642877682054,1.2023145
585,0.04412662393406208,2.69834391
586,0.04008388244983507,0.9141691
587,0.2095947512316343,1.84556841
588,0.386841620420455,1.34409048
589,0.36289317112277786,1.25116799
590,0.10338130135551182,3.60735578
591,0.32290640601786436,0.7306759
592,0.1133083845343208,1.75179758
593,0.18590888457765686,1.37600829
594,0.35961399079496914,1.6945605
595,0.22790676415752387,1.09941662
596,0.07823955171261332,3.15380427
597,0.2971546652224788,1.6775549
598,0.2544095805751567,0.82118702
599,0.1843093218485592,2.24612383
600,0.1941742097687893,1.1463502
601,0.06367816209603916,0.95474316
602,0.11391644422474201,1.05274498
603,0.10782436061390399,3.68508346
604,0.1691218517407833,1.68957173
605,0.06862893782454194,3.45864986
606,0.28389560167852324,1.51212975
607,0.10804159425333637,3.26433343
608,0.36388474877639965,1.96223559
609,0.15761289758302155,1.31853143
610,0.22541213372278435,2.27895174
611,0.24996995665333088,2.89530983
612,0.3059438858599606,1.50847012
613,0.23451167700841324,1.43827896
614,0.1186978792429727,2.17142645
615,0.11746307807698031,1.13079866
616,0.314038778824397,2.43189313
617,0.26145049607293913,1.32379142
618,0.0683615494881451,3.48191124
619,0.1532899315452596,3.50841871
620,0.31823200924009143,1.85627453
621,0.15396892848002608,1.73003142
622,0.26894666370026243,2.38802832
623,0.14421170824789442,1.4196983
624,0.1006676472206891,2.36879741
625,0.10583501998098654,3.10472209
626,0.33639086375842453,1.5503825
627,0.1866038091975497,1.30277863
628,0.019900041552318726,3.84473068
629,0.12026707214317867,3.99366367
630,0.3430018554900016,1.40255019
631,0.16503124766586552,3.94174036
632,0.19115706056254567,1.77712614
633,0.0960894890340569,1.80841047
634,0.29360017861108645,0.86404091
635,0.15906669228570536,3.11064444
636,0.08464764224754617,4.24649007
637,0.07395340746370493,1.32438551
638,0.23233661485392076,1.29930814
639,0.4343396883450623,1.15376617
640,0.07996651345820283,1.16085355
641,0.10780156710097799,1.10693514
642,0.14720672763360199,1.57020454
643,0.10866361424632487,1.01096074
644,0.1710547906350257,1.49176799
645,0.2162527987275098,1.66120273
646,0.3859535039191542,0.23309943
647,0.2962018499056285,1.67246564
648,0.08472922515466053,3.52609178
649,0.19848982574330876,2.14050442
650,0.04984449199582741,4.16793584
651,0.08837122537443065,4.27083441
652,0.2835393771783856,1.79813792
653,0.04368656421320338,2.08020768
654,0.23605112835866748,2.01304555
655,0.20891436903184513,0.99267132
656,0.19563773465961276,2.5014583
657,0.2231267114621005,1.69295459
658,0.2251153859833721,2.63296852
659,0.13521009231226344,1.91066781
660,0.13981869216877385,1.20820747
661,0.28250956617739575,2.00597966
662,0.08088156533176516,2.76112673
663,0.029337073474380304,2.27442486
664,0.2720510998642567,2.2113004
665,0.11598938249335333,3.09607144
666,0.02724145140746259,1.37141374
667,0.2226238092453059,2.50220722
668,0.25481270629825303,2.91206381
669,0.08804900643553992,3.13248515
670,0.10735690747878834,3.06861882
671,0.1348968608249379,2.11127186
672,0.047716252574900864,1.22051817
673,0.19214028980059084,3.02614136
674,0.19360716827577562,0.90395899
675,0.3017313879172434,0.98763543
676,0.03458290352682525,3.16971245
677,0.2966315383446272,2.93505337
678,0.06571679810349451,3.70697753
679,0.09148660302798817,4.34823036
680,0.24866061682587315,2.94327814
681,0.1718643638832873,2.47937306
682,0.13360799164729542,2.2203024
683,0.31098966852368903,0.75269338
684,0.3873799265056732,1.22597318
685,0.022076622681197478,2.66634569
686,0.2696341112095979,0.8886117
687,0.19664462070068112,1.47854212
688,0.13560450231125287,1.90716265
689,0.3056344719516346,0.83660027
690,0.10155817099075648,3.36211004
691,0.06998526217103063,3.63280066
692,0.22125359538222256,2.61144878
693,0.19744130361232237,2.62772763
694,0.01501770783761458,5.24571637
695,0.06739881333487574,0.9641215
696,0.18886736996137188,1.67923281
697,0.13201878448853677,1.69041821
698,0.2091609814306139,1.08814963
699,0.09684153995294764,3.55163198
700,0.06056218688172521,1.06467229
701,0.2641640146430291,0.58157701
702,0.0930425480055419,4.0859675
703,0.25142333144685836,0.91708745
704,0.2662486038025236,0.42443154
705,0.17606417409751884,2.88778877
706,0.08712989187188214,0.96921079
707,0.16833929950735183,2.53558785
708,0.12573861067721737,1.20279673
709,0.3286892433970934,0.20217179
710,0.08853695238940418,1.34630201
711,0.08156475589203183,1.10476648
712,0.2404405805918941,2.93600248
713,0.31759292309288867,1.43321017
714,0.31684866655268706,0.49045826
715,0.016994178331515286,1.26496763
716,0.1918706693686545,0.78205922
717,0.05065470832505525,4.5326252
718,0.1966261391135049,1.71784247
719,0.36387965968970093,0.95867894
720,0.21644536519943358,2.53862034
721,0.2815965550689725,1.90303128
722,0.47343966821244976,1.14828781
723,0.23746783454043907,2.16003779
724,0.24399031593929976,2.25636743
725,0.3326123152874061,1.37255751
726,0.07439024170707853,2.59913782
727,0.0981381121710001,3.62053564
728,0.14657447522040457,1.53267602
729,0.2078459946824296,2.56879123
730,0.1211688114426579,3.02493549
731,0.40653408889738785,1.33946109
732,0.17202212593474542,2.3329639
733,0.21411716742477438,1.77369666
734,0.4536442678545427,1.69139024
735,0.19218087365516112,1.4373252
736,0.061859130473749246,1.25228839
737,0.1168393093485065,1.95261033
738,0.38055840040215116,1.32793775
739,0.4045522109299782,1.45383486
740,0.02767244903225219,2.37585321
741,0.39079921541997464,1.19169233
742,0.001430294460078585,2.28256955
743,0.3092386958815041,0.93603083
744,0.03752434894522594,4.47796943
745,0.2630292085268593,1.28019984
746,0.1918943215332547,2.52242846
747,0.40370975202677073,0.33226837
748,0.1681173832184868,1.57451452
749,0.08366306536117918,1.70231068
750,0.16292118116325582,1.70664362
751,0.3598180330482137,0.93759142
752,0.08248261849075789,1.03497235
753,0.20039615239511477,2.74665107
754,0.13656819024618017,1.98470461
755,0.2819369298140373,1.5601991
756,0.23421046185831074,1.60678683
757,0.05158071542609832,0.93597474
758,0.19620774688519305,1.54679943
759,0.19560397402528906,1.60872026
760,0.08156639245044062,3.38110145
761,0.25649733397585806,2.03439489
762,0.2888489046927134,0.80077979
763,0.295747530162771,1.00251996
764,0.24154866297976696,0.52245372
765,0.052199397559888894,3.97176882
766,0.1423983783024596,1.68421229
767,0.05939028184002382,1.31125952
768,0.2654684039771382,2.09456629
769,0.1688819630544458,1.27019843
770,0.013407377864496084,1.51877903
771,0.16071877826107084,2.18482331
772,0.15238640991810826,2.04142124
773,0.17356081451907812,3.35185136
774,0.2708027949256575,2.06978811
775,0.38040212906707893,1.29002185
776,0.2565017915003409,2.16079067
777,0.03029202640391304,1.31306766
778,0.3108017596514401,2.71640039
779,0.19926704020690522,1.60363154
780,0.26550094335107133,1.35418449
781,0.20925267780512513,3.99881981
782,0.17389714643286425,1.45945068
783,0.10555236872733076,3.32406251
784,0.06759831087492785,3.26828927
785,0.13509632086424972,4.33633204
786,0.20698681197245605,1.29980398
787,0.042140520599787124,2.71300332
788,0.2741805149707943,2.44841518
789,0.32406359976448584,0.34943998
790,0.39356075905743637,0.43495899
791,0.2855287834881892,1.90852073
792,0.02337757226996473,2.4213872
793,0.15328510665312933,1.58630779
794,0.22994647779341904,1.34921735
795,0.1679718571358535,1.49160982
796,0.38723248529095144,1.03855817
797,0.06805977643580263,3.68047669
798,0.07994766433512268,2.31240708
799,0.24716712430745247,1.67388541
800,0.10236038623133936,3.58052172
801,0.0907079462922411,1.72175525
802,0.22839229870442068,1.71618488
803,0.20239148787368322,0.81032791
804,0.0879347717454948,2.4288755
805,0.24423600442787574,2.76873398
806,0.25232343826246506,2.08931007
807,0.189794690340932,2.83413146
808,0.24648255036481714,2.04272609
809,0.24877286430637469,1.12631303
810,0.0755051850410382,3.21795605
811,0.28703728758046054,0.54093491
812,0.11104862956017314,3.22005055
813,0.34135344487367547,1.08718957
814,0.026134259769605706,2.36541185
815,0.22817071061581373,3.99170519
816,0.12811109203539672,1.37904193
817,0.32389702661021147,2.22327562
818,0.07598898579999513,2.25281809
819,0.12748277384162066,1.45798514
820,0.08774453274327243,3.95140623
821,0.19420031568188278,1.82052516
822,0.0812216687882028,1.04287391
823,0.1512742844715831,2.6879094
824,0.10298416819750855,2.13477175
825,0.22621413594606565,2.32323121
826,0.09292933289543726,1.60287578
827,0.1873725037398799,3.70112868
828,0.20468033872020897,1.03669146
829,0.13602658533272916,1.82738618
830,0.11910484352483763,1.30015073
831,0.28771558065272984,1.49856091
832,0.15532508155047253,3.73949545
833,0.320334860971343,1.5892706
834,0.09173807665774802,3.13009881
835,0.07197440055279003,2.01825833
836,0.2501525950674477,2.21771455
837,0.16131322547153104,1.52834702
838,0.0796355222882994,1.41690257
839,0.3671254545906777,1.83525354
840,0.1430407048064808,1.6919418
841,0.23134004194616864,3.04691858
842,0.2080759449836478,2.21820088
843,0.12930438957482693,1.30976099
844,0.22852630285342457,1.55285696
845,0.07463581727279234,3.66022657
846,0.42249238814292767,1.19232737
847,0.1435532386540217,3.40411397
848,0.092124513375893,1.15569156
849,0.14668710484329495,1.31852555
850,0.23205475217764615,1.47597686
851,0.019880736763298046,1.55411647
852,0.2295406458324578,3.43131265
853,0.06798395335863461,2.08598396
854,0.2870553365937667,1.90999223
855,0.21277685569657478,1.48277183
856,0.03866967706926516,3.7126657
857,0.23236496446770616,1.50447535
858,0.16339642577804625,1.25838628
859,0.23714515777101042,0.80418959
860,0.041055275905819144,0.91826649
861,0.19918492042052094,2.79112968
862,0.24375498584504385,2.90758637
863,0.28961115047422936,1.125255
864,0.20330245905824995,2.53465472
865,0.23069642184054828,1.09954694
866,0.12810992504455498,1.22956307
867,0.04141904154494114,3.01760817
868,0.07690745841500757,3.17611194
869,0.045939885712869,0.98438696
870,0.13398040792708343,2.88027799
871,0.3003690534933412,1.10926447
872,0.37208926959465316,1.56883112
873,0.23262646173861867,1.98366277
874,0.13475172900143662,1.09351318
875,0.08070623839557811,2.14287088
876,0.23876141300206655,0.94363898
877,0.19904936300008558,2.35907474
878,0.1653083295241231,1.84490089
879,0.06653703088886687,1.02687606
880,0.00806566097708128,1.93096168
881,0.08363829603240447,4.67050701
882,0.20756684168190986,2.50113959
883,0.21596129498902883,0.73052962
884,0.3297641730387113,0.97535485
885,0.037176906230342865,2.86767471
886,0.12048729794514657,3.60241036
887,0.015292936586774886,5.28608349
888,0.10517250888369745,1.12409018
889,0.21671273257197754,2.05811171
890,0.04036637960780354,1.57900251
891,0.16677288132541435,3.48811947
892,0.21117741568559723,1.11424482
893,0.33579073986402364,1.96696686
894,0.17217749500559876,2.37824844
895,0.340339550139106,0.99701285
896,0.3341854938844335,0.02665225
897,0.2558807807145058,2.3569859
898,0.11958872762079409,1.81443955
899,0.04673413060118037,3.77810904
900,0.04448358199624636,4.26113103
901,0.09111919976476202,2.40796627
902,0.31261407506463,0.27400415
903,0.0972726278087066,1.1019419
904,0.33356557377373974,1.46682447
905,0.2616916044280515,2.65579241
906,0.2762286804863834,1.35284672
907,0.2218735372298397,2.57603628
908,0.06970958615511336,3.39428532
909,0.3800906322612718,0.94336827
910,0.1389107635259279,1.20442403
911,0.07199006893642945,3.01484891
912,0.19934339630708564,0.83075643
913,0.19696101146109868,1.80973977
914,0.2585500018631137,2.1453722
915,0.25091518047702266,1.92263561
916,0.258834097212457,2.5028558
917,0.12699756208348845,2.35378364
918,0.08378625265322626,1.7613171
919,0.15726376154816535,3.7560421
920,0.19478570585306443,1.91556353
921,0.3262864925636677,1.19976217
922,0.3465113053061941,0.59936624
923,0.2816134560271166,0.52592738
924,0.3124807960102771,1.99649838
925,0.16420568701505545,0.74927394
926,0.07273478124261601,1.03759665
927,0.19876296726579312,2.24698742
928,0.16692418406819343,1.47136158
929,0.348498316216137,0.76588285
930,0.22692832175380317,1.57399973
931,0.14138689272840566,2.25732342
932,0.2265092586821993,1.53291913
933,0.16845031046614167,1.49863667
934,0.02283935207515242,4.06112875
935,0.265421148706082,1.32514004
936,0.3224329600834608,1.41475398
937,0.13421037150692428,1.73461121
938,0.2804207636108913,0.65756001
939,0.04144058699694142,4.26455062
940,0.17363496161124203,2.94727853
941,0.12699501255156065,1.90585046
942,0.18374473938820302,1.91863491
943,0.016282227907140623,3.48705382
944,0.3278615964700293,1.60227809
945,0.2661589857416402,0.99032347
946,0.15411420612508664,2.02939714
947,0.2521926725648882,1.9124545
948,0.1829330769032822,2.64571835
949,0.12204183780340827,0.95474668
950,0.2544032051901013,2.67743748
951,0.1323326393867319,1.11419972
952,0.22325467158225365,0.88772616
953,0.3778758524094883,1.30900208
954,0.1365785201141989,2.19627411
955,0.0647699375576849,3.95548529
956,0.03080796143876796,3.30809305
957,0.06702836754357122,3.26179023
958,0.31416019893185876,1.18275156
959,0.41641233174232184,0.68456897
960,0.11290957594610518,1.57166844
961,0.11679095616273116,1.05721383
962,0.15828602659894386,1.34247981
963,0.33353472714225063,1.55746028
964,0.10279183582042606,3.75660414
965,0.06423430177164846,1.88734681
966,0.03745435300061217,2.84845183
967,0.22625991770837572,0.82764531
968,0.16004221788534778,1.66947933
969,0.18509059269490535,1.36683391
970,0.19645081478074644,2.7281623
971,0.10508307384043292,3.63406971
972,0.20185915014735656,0.81621894
973,0.20008957342724898,2.57153552
974,0.09948662682290887,1.03845015
975,0.06727752363076434,1.09842515
976,0.09583408446360409,3.74416407
977,0.26534869721217547,2.99513664
978,0.10979530950862681,1.10181087
979,0.17169038731481123,1.69501326
980,0.4237578846732504,0.84575197
981,0.07783449054841185,2.12995883
982,0.1196594300927245,1.14735787
983,0.1739056098040237,3.04006119
984,0.13119465530508023,2.76880284
985,0.18560892642199178,1.86412051
986,0.26782076058225357,3.42872352
987,0.016285745093682635,3.48706278
988,0.08470405425214267,2.89494908
989,0.18866525821067626,3.0060474
990,0.11170185882292571,3.48321617
991,0.2347537250170717,2.13473123
992,0.14385410737304483,1.27958605
993,0.20725544026390708,2.59077913
994,0.1644800877511443,1.56319432
995,0.14213690273209068,2.26311795
996,0.09991226469537651,4.11936058
997,0.1963294176675845,2.11313348
998,0.08122177912810002,1.04299597
999,0.1946728685470589,1.54635687
1000,0.09280331771151396,0.78833993
1001,0.257372793007562,3.0490618
1002,0.2300775198636984,0.93038487
1003,0.0953113833156749,3.55096859
1004,0.2676673897076398,2.40094296
1005,0.07499049420857773,3.20025703
1006,0.10891801846810267,3.54261492
1007,0.15824091931790463,1.22799272
1008,0.03566670227883151,4.54495159
1009,0.03459229227701144,3.16970794
1010,0.22397541826649103,2.40761847
1011,0.2804676961750374,1.16335917
1012,0.3522899609106389,1.4619217
1013,0.09903890424538986,2.8221694
1014,0.21274113538311212,1.42734301
1015,0.041251393413404,0.92708631
1016,0.3956949056009762,0.93865566
1017,0.10347816206376592,3.48977691
1018,0.14749742435014923,1.28958345
1019,0.2399460630113026,3.8598955
1020,0.37180208031713846,0.63223968
1021,0.09744335915002011,3.69209371
1022,0.0494054900991614,0.92383131
1023,0.09470630247960798,3.9018776
1024,0.2389719316488481,2.55275211
1025,0.0332036287545634,0.95904246
1026,0.24004350394534413,1.435527
1027,0.039773252137820236,0.91291664
1028,0.09877140802927897,4.22442332
1029,0.20045183424372226,2.58436807
1030,0.26358621761573886,2.67092519
1031,0.3048918868898909,1.31591775
1032,0.16118225819809595,1.78665723
1033,0.22578859049644961,2.43913015
1034,0.4034303107073356,1.68065763
1035,0.12915670946313185,0.92162987
1036,0.11648366671579424,2.03364322
1037,0.07274314560163475,3.58305344
1038,0.24326445149199571,1.16713655
1039,0.07249622808558343,2.3966528
1040,0.10260670991556253,1.09287347
1041,0.14509260000522772,2.34344468
1042,0.19085281916886743,2.53706882
1043,0.0680985903227338,3.49386138
1044,0.08074978069998906,1.45979822
1045,0.20470441826546448,0.79020462
1046,0.07540078289366647,2.97071851
1047,0.19831246017929516,1.61481942
1048,0.13125375951858587,1.38687066
1049,0.40116270816724864,1.16653137
1050,0.23359007002909493,1.92977198
1051,0.24892426268706913,2.31516871
1052,0.32550998859733227,0.52121944
1053,0.319194848270854,1.30900095
1054,0.201204058539588,1.08608879
1055,0.2111631470688735,0.75008976
1056,0.13465515497955494,1.18961284
1057,0.1590618968293711,2.78373365
1058,0.1429832542908116,3.01279384
1059,0.21065408684080467,2.30911706
1060,0.12554314473163686,2.43015457
1061,0.20928934160110657,2.39612483
1062,0.21924241149463342,0.90673463
1063,0.2664179458997751,2.9439061
1064,0.3767783223702281,1.22622939
1065,0.16250733488050173,3.55741529
1066,0.07409973893118149,3.01345263
1067,0.08889339989764267,1.49020278
1068,0.2730301863357454,1.25627711
1069,0.13865605635146494,2.06902697
1070,0.22363075126122567,1.58461766
1071,0.028590098099812167,2.53996946
1072,0.14576346842659405,1.50631816
1073,0.01136802782639279,0.93262637
1074,0.15913308217932354,2.46918831
1075,0.20764777893418795,1.56565753
1076,0.3345185294165276,0.97420476
1077,0.07710545224654197,2.38461774
1078,0.24202139664339484,2.43951875
1079,0.20001186428089568,2.59630464
1080,0.16443569746115827,1.27001797
1081,0.24484572186338482,2.27339811
1082,0.07831415172404377,1.0475509
1083,0.06476968671904615,3.95514936
1084,0.11679277615257888,1.05711737
1085,0.0931456326497937,3.05167531
1086,0.2107304105993535,1.62953685
1087,0.17584473813258228,3.09080504
1088,0.07053254754282534,3.23423933
1089,0.020875092682217655,2.69449262
1090,0.0427215043509932,2.89559182
1091,0.09458215386075608,4.32278274
1092,0.21202344049015664,2.71430651
1093,0.20335925573817804,2.36924668
1094,0.3314904648686934,1.19087594
1095,0.17258243748074165,0.71378304
1096,0.34246767818331136,0.66497387
1097,0.21541293454902188,2.11147505
1098,0.27960304787484347,1.18999045
1099,0.06679175839053642,2.32446065
1100,0.17685438758689997,3.06125936
1101,0.2802397574396309,1.67782317
1102,0.311510620322224,0.49465632
1103,0.08031079238890015,4.72342681
1104,0.20717548379252548,3.49814253
1105,0.10304837774583575,4.02853316
1106,0.2726717152108904,2.40232952
1107,0.247292628591822,2.63030688
1108,0.2848621973316767,1.00451176
1109,0.22387439882550098,2.62021905
1110,0.19155900939949788,1.38027563
1111,0.14698227519147622,2.3774704
1112,0.10616651935833943,3.54812835
1113,0.16161783802090213,1.72496281
1114,0.2522857215626573,1.88685645
1115,0.146370501806814,1.69549498
1116,0.3274741681980231,2.28078206
1117,0.2476079024199862,0.98087484
1118,0.01926251435179438,2.88424045
1119,0.17596039443560585,1.78277093
1120,0.32658994361554505,0.55762468
1121,0.08577305488870479,0.97984701
1122,0.3726082398679864,0.94698066
1123,0.10466447289218195,2.93854768
1124,0.14147404188406654,1.27490883
1125,0.045273303639987716,1.27883553
1126,0.338036833049955,1.80794494
1127,0.48741019841145317,1.34217307
1128,0.14019901153005776,3.34178835
1129,0.35257764740890707,0.7351312
1130,0.18353121342443046,1.33439899
1131,0.21265498504362768,0.83585318
1132,0.1529732733979472,1.39751053
1133,0.09220520389135345,1.42193458
1134,0.3491614446102176,1.44799896
1135,0.4167911388231005,0.59939804
1136,0.0899441102410492,1.20228406
1137,0.28289893014516565,0.43601385
1138,0.2580836540346354,1.11082197
1139,0.1212922594140764,4.08857155
1140,0.31600485406670487,0.03927949
1141,0.13619200251923758,1.62882954
1142,0.04969764477209537,2.5652264
1143,0.10559537140579778,1.77041155
1144,0.3357458359096199,1.99846054
1145,0.08610117040689147,4.65616124
1146,0.0722685733489925,0.98788606
1147,0.27289077906971215,1.61530073
1148,0.2416628099126683,2.38081247
1149,0.15267530850906041,1.87369811
1150,0.040797545825626,4.43298009
1151,0.13370997774472926,1.47345048
1152,0.05810123880564788,3.87196189
1153,0.1838434136698197,0.96508322
1154,0.1238613302439262,4.06581167
1155,0.2041755138998269,1.38967148
1156,0.2628222282964998,1.90027022
1157,0.1435401739581721,3.42397461
1158,0.17165072706120554,2.17119678
1159,0.11910628572877613,1.30015495
1160,0.17572589158589835,2.17358546
1161,0.16223525230088853,2.44950682
1162,0.17522358715723385,1.42973144
1163,0.24794823215415818,0.81595189
1164,0.26286764126780326,2.43116759
1165,0.20554860417178134,1.34446238
1166,0.08284641638965695,1.03813851
1167,0.06280586101638619,1.0007704
1168,0.20391775393363787,1.64201296
1169,0.22723958857568505,2.63983918
1170,0.3313464192524407,1.78170712
1171,0.14282988940976793,2.23042589
1172,0.34605256340910273,2.29075526
1173,0.2808974840081646,0.77086107
1174,0.027050228932239406,2.55536496
1175,0.28702018718831823,0.597438
1176,0.34448778789737844,0.94587441
1177,0.10159695693801041,1.43105278
1178,0.34378806433778664,1.60297337
1179,0.10560033614638087,3.90642386
1180,0.3059947079827907,1.77194468
1181,0.22589382038859185,1.06265885
1182,0.09323262622274342,4.69546589
1183,0.11807165441496181,0.96376888
1184,0.22638611721049529,1.7344384
1185,0.24966850340206292,1.55897026
1186,0.27845127928230795,1.0280935
1187,0.27361551944068196,1.03782441
1188,0.2464356949167268,2.2573181
1189,0.1811298321626964,1.93081987
1190,0.06100678699112905,3.51957701
1191,0.12754657739606046,3.5340305
1192,0.2234055269309465,2.71894535
1193,0.1740647962242292,1.83258163
1194,0.05700901505406364,3.87622372
1195,0.04567999518712895,3.10356447
1196,0.12999345983189414,1.127501
1197,0.013379515858105151,1.44748563
1198,0.25933971499398467,1.92499621
1199,0.03509334341288195,2.92276263
1200,0.23988832106624614,1.29982523
1201,0.20023058049446263,2.4279224
1202,0.15393882986245444,2.24887614
1203,0.2113111485596164,1.93829636
1204,0.09854362479018164,1.5231423
1205,0.01925770435263985,2.88432361
1206,0.2613933635166177,1.30592563
1207,0.009276968230551574,1.45983925
1208,0.02931711255769187,4.73552944
1209,0.27968491698629805,1.46577682
1210,0.4104632950202358,1.48542385
1211,0.31871059343757224,1.9306412
1212,0.09873280050214817,3.25146038
1213,0.4166715916016983,1.48293122
1214,0.0805542978378071,0.9194231
1216,0.13105394310969132,2.73376277
1217,0.30795219062383694,1.7309134
1218,0.23150293007802247,2.62144743
1219,0.1717358020869142,1.40190603
1220,0.1386986576653726,2.54333402
1221,0.3802202833867341,0.33577918
1222,0.04148875465034507,0.91063183
1223,0.05541352782984177,4.10011545
1224,0.16045162295995397,0.78531199
1225,0.12353828631603392,1.55298185
1226,0.2906767132844834,0.81681889
1227,0.43617524196633894,2.02226757
1228,0.37029925975730293,0.20636659
1229,0.15019093802038697,2.40978799
1230,0.15603490727698954,1.98335116
1231,0.27110201113828225,1.8051221
1232,0.11645727392533445,2.16290282
1233,0.16734608006117924,2.6485025
1234,0.17792010066386865,3.0559811
1235,0.3632440849469276,2.2572638
1236,0.6121343984341365,1.41998294
1237,0.057764006160141435,3.49484229
1238,0.20277791229091235,2.58767483
1239,0.3217943918025412,1.27312875
1240,0.12823408451367868,1.80545989
1241,0.1097067043633615,3.6231643
1242,0.0994666721953763,4.32269486
1243,0.13488630916981492,1.4123891
1244,0.1582444563973695,1.22778681
1245,0.017557247174408985,1.63297781
1246,0.3991950300587632,0.26386504
1247,0.28929120026077726,2.79564123
1248,0.1297985679593694,1.88148262
1249,0.051779692280433665,4.04818387
1250,0.32917381100560306,0.77097808
1251,0.1821436385398556,1.36972636
1252,0.059158954768463445,3.717202
1253,0.10783799242972236,3.78281956
1254,0.13148349943548965,1.70329655
1255,0.21991418055449685,2.15851479
1256,0.17356363490762305,2.1889683
1257,0.24021060831273644,1.39531418
1258,0.23086738603524282,0.30313236
1259,0.0797971597603464,1.09931363
1260,0.08841340117214713,2.35948586
1261,0.4233148646653717,0.53843078
1262,0.30652062960143667,1.19177439
1263,0.04054590976011241,1.02292462
1264,0.2732811991518247,1.03427809
1265,0.3906538713181362,0.57055804
1266,0.14113180488493526,3.76441891
1267,0.13569582533818902,1.51516167
1268,0.2919799536084611,2.29855396
1269,0.14158719635815942,2.68806261
1270,0.1773645279718039,2.10641916
1271,0.29407162271127163,1.58125854
1272,0.011369822514097905,0.93244641
1273,0.012180042695035809,3.45349598
1274,0.23708364482445177,1.26026013
1275,0.45118081508917385,1.18537426
1276,0.0220852172742525,3.24032044
1277,0.0914940280290466,4.34871138
1278,0.10822751180057821,3.72369598
1279,0.034808858522410446,3.24347623
1280,0.23460612857888918,1.2793246
1281,0.3169361673644744,0.19515433
1282,0.20566584507832886,2.58122302
1283,0.12819886873330688,1.97063752
1284,0.28825862819758186,1.80189257
1285,0.09441743504794431,1.0353136
1286,0.3063191239016305,0.00487612
1287,0.10410608521851827,2.17228147
1288,0.02931906422418251,4.73698199
1289,0.15708670766798605,1.71969327
1290,0.06743170808476862,1.86998647
1291,0.14392854604011518,1.20723592
1292,0.12305747917707777,1.80957762
1293,0.39907575258439465,1.14864911
1294,0.12644194748645532,1.78602798
1295,0.11771952034905553,2.27076823
1296,0.13373722219512274,2.65619835
1297,0.18882564215346065,1.89549994
1298,0.28468235333093617,1.51205706
1299,0.21786335841170512,1.95689962
1300,0.0422582709506969,1.30605701
1301,0.2495685925896396,1.87878445
1302,0.27880648512109474,1.54246367
1303,0.33469056869762426,1.88630851
1304,0.07171161282258254,3.41097369
1305,0.12624727321053797,2.29284152
1306,0.22578128559871402,2.7551711
1307,0.06381603167028516,0.97808463
1308,0.07167787192884134,1.1191667
1309,0.04627098426226439,4.55079072
1310,0.21524826162931276,1.27075738
1311,0.3781936571613187,1.12289736
1312,0.04540796198853059,0.96943586
1313,0.1347771791915875,1.74127727
1314,0.1793900068514631,2.23637928
1315,0.2595072666736087,1.28059331
1316,0.16211363707043347,2.28883632
1317,0.22986028676314163,1.23468306
1318,0.1433608092702343,3.27288042
1319,0.18595794408611255,0.93459784
1320,0.15681210797993117,1.86052478
1321,0.231256647216469,1.95698906
1322,0.15898306881354074,1.4086618
1323,0.128881235159497,2.17621622
1324,0.176883272329178,3.08799293
1325,0.10232467328023631,0.98428945
1326,0.0705715394587969,3.00415363
1327,0.16378788785914367,3.20125127
1328,0.039458513110730564,4.38478497
1329,0.19593451071159507,1.86504671
1330,0.29915682599948923,3.54403187
1331,0.17183966647280613,3.0432786
1332,0.2578398743935395,1.51310682
1333,0.15763773530125036,1.88931544
1334,0.282639258675772,1.46010256
1335,0.34863305562794267,1.13581143
1336,0.28002545861454564,1.67693485
1337,0.13980299401737284,1.1170306
1338,0.1983342660287235,2.60871271
1339,0.29415482048079866,2.06947286
1340,0.17454950360843213,1.87320943
1341,0.3375568568753806,1.75669593
1342,0.22597465359467606,1.94822906
1343,0.40996320110934903,1.19221096
1344,0.11588178013880679,3.83966794
1345,0.26611597546434496,1.16023664
1346,0.31290119850382325,0.80910382
1347,0.3900000255271152,0.65456964
1348,0.07082167143380502,3.55904013
1349,0.32364788527047494,0.98634514
1350,0.3284412148695992,0.95245402
1351,0.22058964351344912,1.95769867
1352,0.12167200680778478,1.21028469
1353,0.1897880054639245,1.01757635
1354,0.012311996756579902,3.2824569
1355,0.15877992851528688,1.33904768
1356,0.12116017664084211,1.913912
1357,0.2783087826537667,1.21938129
1358,0.2086096201583132,1.34922398
1359,0.1375001464111847,1.20573246
1360,0.3431165345955378,2.80468205
1361,0.28579025893577636,0.66959447
1362,0.2256847067110357,0.83537698
1363,0.17344908654195024,1.85501591
1364,0.13380599337324384,2.16692787
1365,0.10413686561378199,3.44285577
1366,0.20023744956233713,2.06396439
1367,0.3058817304918193,1.45334388
1368,0.014906990572853829,1.75926917
1369,0.381446952233091,1.53695385
1370,0.10734045550179871,3.24577491
1371,0.1696159117636853,1.56085755
1372,0.2569798006425117,1.96078029
1373,0.27914331034025963,2.32665221
1374,0.2295103474170901,1.92115906
1375,0.11272730213931936,1.88212922
1376,0.400013917897013,0.37444358
1377,0.1633432082053332,2.53488742
1378,0.055951002555048035,3.96272571
1379,0.371787354351909,1.99978056
1380,0.3653611810523216,1.78356056
1381,0.16043908653045946,3.41462892
1382,0.10365457052103011,0.90851827
1383,0.27828542495626607,0.98456341
1384,0.20515576672551106,1.83621507
1385,0.11255215778874117,3.33423492
1386,0.033383727040927624,1.34154387
1387,0.21729771107857232,1.56164562
1388,0.173115420357135,3.13288434
1389,0.2808995419400162,1.74930296
1390,0.1956449563112983,1.28650973
1391,0.22864993628900265,2.58005874
1392,0.1951298073072394,1.66261414
1393,0.08512126538334996,2.32204452
1394,0.1732825405360927,2.53491649
1395,0.06731569060320908,3.2093952
1396,0.12340792978648096,1.42910424
1397,0.36588110404409235,0.86881151
1398,0.306847662650398,1.54635178
1399,0.10116774451489619,3.8901082
1400,0.30938792438973906,1.40439949
1401,0.16992403770018427,3.4683642
1402,0.034548022899798525,3.42636657
1403,0.20509726352884172,2.22361149
1404,0.11541054353074287,0.95008538
1405,0.19442387451817922,2.89634123
1406,0.23196227399239433,1.00153347
1407,0.28554049666126957,1.06881472
1408,0.35901868121072766,0.63407971
1409,0.19349459253135137,2.3140547
1410,0.020853324804193107,0.96196577
1411,0.4134389806768013,1.46374539
1412,0.3358006660710089,1.89584233
1413,0.2788332147156325,2.98520377
1414,0.0676608775575005,3.84740966
1415,0.24557452728004137,3.48808308
1416,0.08445186054814258,1.05361182
1417,0.2573738918545132,1.99199166
1418,0.10247823960526148,3.05258779
1419,0.12061042719778925,4.23784802
1420,0.30747883131425624,2.14831317
1421,0.022838936138214194,4.0615851
1422,0.150372052912644,3.27694699
1423,0.32543365599849494,1.67054543
1424,0.23417618509483873,2.1604265
1425,0.40002853522310033,1.22832746
1426,0.346513153763226,1.09081568
1427,0.32436077139209374,0.35291026
1428,0.2754527334582235,1.73192819
1429,0.07723941949279833,3.38236137
1430,0.26274872574504116,1.40471247
1431,0.3196328153171635,0.36582943
1432,0.19465693325400935,1.5431565
1433,0.17262954886973603,2.03214063
1434,0.2387928214011481,1.34868694
1435,0.20097396051824035,2.72529859
1436,0.022906923941263813,3.54879199
1437,0.25380949128702923,2.89019213
1438,0.28083090506243025,3.53673122
1439,0.1419221315154573,2.52267532
1440,0.32633849237754475,1.04537849
1441,0.2574809590169025,2.26928961
1442,0.3857356423759484,1.52117579
1443,0.26008632046796265,1.70431899
1444,0.22913037105354306,3.25519493
1445,0.3017881114647025,1.32471224
1446,0.10417276216685423,3.08626542
1447,0.2549707032449078,2.06608438
1448,0.047611325330763066,4.17731535
1449,0.11564011258087703,1.18220494
1450,0.046796701308267075,2.0492843
1451,0.14433613318033167,1.43956222
1452,0.11031139482838626,3.97384634
1453,0.22020401535883138,2.71797729
1454,0.3793020981902373,0.6619841
1455,0.24479288435031776,2.23893155
1456,0.3048388596289442,0.67081578
1457,0.3291777472895774,1.31075235
1458,0.03246951289384015,2.9910813
1459,0.1298282798825312,3.04747615
1460,0.1610601267339007,2.90833658
1461,0.3989675716002239,2.1887842
1462,0.03117974943961599,1.25147407
1463,0.1833023558720015,1.33452433
1464,0.06887683004151768,3.27483607
1465,0.1094355104760325,1.58341505
1466,0.23362623220236856,1.27926931
1467,0.18084153886775312,1.6843688
1468,0.17892848951305496,2.70292903
1469,0.23064016704665846,1.86267149
1470,0.13428316151475883,1.12211889
1471,0.2220984278847027,2.69677757
1472,0.18925328622572124,1.51901154
1473,0.08379727724332042,3.44630685
1474,0.0944823959207497,3.91465046
1475,0.08406951919823769,1.05845776
1476,0.11380684685718734,1.56158313
1477,0.14221809981336264,3.10654058
1478,0.12594252208145917,3.2081815
1479,0.10335577134355844,2.57380822
1480,0.16750394272094127,0.85152094
1481,0.07485454143989045,2.61721535
1482,0.0034706436281339847,3.06562869
1483,0.22665768913611828,2.82112744
1484,0.22157431622872537,2.70640741
1485,0.14068108329411189,3.06638596
1486,0.34284809005839634,0.49857154
1487,0.45006673861280433,0.3186589
1488,0.2361802404629998,1.65756257
1489,0.1613251179787767,2.53850708
1490,0.034717906837613555,0.95477608
1491,0.2063288576209743,1.97918511
1492,0.1854217339950992,2.88403175
1493,0.26336527487728745,1.17120533
1494,0.06028072803019313,0.9605176
1495,0.13858880718089495,3.29080426
1496,0.15591041394145577,1.16042105
1497,0.35396673058130546,1.17415755
1498,0.0692821367306351,4.11135003
1499,0.2281921515555041,3.99209983
1500,0.09484556863299076,4.08411867
1501,0.197171390245785,1.78156608
1502,0.43228633196122246,1.78364241
1503,0.18794818102833233,0.91290821
1504,0.052069590606151905,2.8932893
1505,0.09975849967304384,1.04124613
1506,0.389756507720449,2.11467747
1507,0.045931272829875525,4.13737632
1508,0.1383325318010975,4.21576995
1509,0.1819293264816224,1.45072818
1510,0.056904811863205396,4.2993031
1511,0.14449865178903565,1.49960445
1512,0.09811679689846642,3.2091037
1513,0.19820877364509215,2.64691658
1514,0.3024990022822749,0.34696204
1515,0.09778634132544539,2.95091368
1516,0.09678111270659429,2.03881576
1517,0.1838452127230994,1.3654623
1518,0.05128042366322916,4.14616657
1519,0.05375246782477916,4.07664865
1520,0.1252221053618996,1.25751307
1521,0.16657480156482052,4.02192305
1522,0.10189571748469461,3.79884135
1523,0.13894433897803538,2.26512624
1524,0.296483434849506,1.67069261
1525,0.08039589477903064,3.49348307
1526,0.3376237846532604,0.61621948
1527,0.08396690977860999,2.95668767
1528,0.37902214700807235,1.06181162
1529,0.015608828143740539,1.33845985
1530,0.2614367303340259,2.09597083
1531,0.11490225255329278,2.18338306
1532,0.19695087574291392,1.46134093
1533,0.13073145491034666,1.85491484
1534,0.26322416380935465,0.97055625
1535,0.13390183026785962,2.03572809
1536,0.3431162009383115,1.53732413
1537,0.2737516665001749,1.64704672
1538,0.1709833067798172,1.43596613
1539,0.41089446160185616,1.24820295
1540,0.32091311364638386,1.83279299
1541,0.16042166735132923,0.76277316
1542,0.37530246132519096,0.00860885
1543,0.13861833345799823,1.59475414
1544,0.2142262350753299,3.09328376
1545,0.24725149999540008,2.76546604
1546,0.1057187358082956,2.17691799
1547,0.18329613796595368,1.77381186
1548,0.2796327680516697,0.92697939
1549,0.33746638964657905,0.88635839
1550,0.3621437567380781,1.53531085
1551,0.3957812493899837,1.27820824
1552,0.24093613047625695,2.09819314
1553,0.2887063791786204,1.23444832
1554,0.3625186131193914,1.35613951
1555,0.2767545973529195,1.20656071
1556,0.07921909487777157,1.31095281
1557,0.0917536437009403,1.16316771
1558,0.07797108315571677,2.19157095
1559,0.06300835466390708,1.37564765
1560,0.01711870996587095,2.38180453
1561,0.15183831095782807,1.22791605
1562,0.22247710923693376,2.12354111
1563,0.10320660479919752,2.14349647
1564,0.21790711020003073,2.35553184
1565,0.19831544570024562,3.74949274
1566,0.3969803626387147,0.95175756
1567,0.06967451141690617,3.78025414
1568,0.1829330638247484,2.67822936
1569,0.12229272531840252,1.724211
1570,0.3366115750577592,0.18294336
1571,0.20738228589834762,1.11371121
1572,0.12484908695114427,1.94081409
1573,0.1986684040275577,2.41290689
1574,0.07500908248402993,2.72331714
1575,0.09220801518495136,2.1731663
1576,0.29434146405947104,1.5685441
1577,0.19016718763850804,2.95516679
1578,0.200295907261534,2.3768082
1579,0.1698708487492695,1.38605296
1580,0.22815813255874673,2.05263274
1581,0.14161848355797702,1.97335012
1582,0.22003223359206459,0.55358238
1583,0.2913926573273784,1.18625013
1584,0.12660849430176313,1.15654549
1585,0.1141353238517695,3.50069573
1586,0.37334104285946523,1.4386255
1587,0.08281825162157475,3.57275897
1588,0.390733186268335,1.06016878
1589,0.09141365570030757,1.50020608
1590,0.2802925769447029,2.05191772
1591,0.19489954218443017,1.22137611
1592,0.11642405383099685,1.05342327
1593,0.07413520866066392,2.81684618
1594,0.13323171894626284,3.26625753
1595,0.144525412179064,1.90395748
1596,0.26365762858404196,1.73466419
1597,0.05594528680376243,1.50482366
1598,0.36139905381787685,0.6570767
1599,0.18950481990941626,2.66318641
1600,0.14364834683874506,1.15293004
1601,0.16633365587040316,1.13709225
1602,0.227501665813179,2.51658383
1603,0.21617603213599068,1.69842543
1604,0.2241006462236328,2.0397853
1605,0.22985352596151643,0.79617189
1606,0.17477411527579534,1.3073139
1607,0.20022320728457998,1.85124425
1608,0.2926694417146791,0.9887132
1609,0.11362143332462438,3.57165383
1610,0.10486518050129234,3.46055664
1611,0.23340226175605494,2.55788923
1612,0.3251600852854608,1.51050684
1613,0.17980906904995209,1.27057425
1614,0.10149295453175,3.20514532
1615,0.10088853945489973,3.18935919
1616,0.13999650474943337,1.54825558
1617,0.04387415294331731,0.97403678
1618,0.02337871476811415,2.42167882
1619,0.2744230520147539,2.35504339
1620,0.11963187780565931,1.72821567
1621,0.17495503510872368,1.33498144
1622,0.37942621571346535,1.14794525
1623,0.30772711148529197,1.17811093
1624,0.06676796065221424,1.00738895
1625,0.20422080233402085,2.83045095
1626,0.23152469369051687,1.88637753
1627,0.2660928966361098,1.33457542
1628,0.14724113834745367,1.46261786
1629,0.2067194247047155,2.08730327
1630,0.4535197244149458,0.67800428
1631,0.20650209771702066,2.80482698
1632,0.12884360483440105,1.38171075
1633,0.13360529443161795,1.42598621
1634,0.23273986344065634,0.98767913
1635,0.21032241565990262,1.58731028
1636,0.14607767393044924,2.34980484
1637,0.25439866853048443,0.48885418
1638,0.2974324060960498,0.93757012
1639,0.18611678897286765,1.39325277
1640,0.13144302637556393,2.07629668
1641,0.22222282109396474,2.84187421
1642,0.05402658285674988,0.95375398
1643,0.15614686254593835,2.19927448
1644,0.1052514201910526,3.26205218
1645,0.35507640528521733,1.96201018
1646,0.17838272472545214,1.75415169
1647,0.29386781618995883,3.28039959
1648,0.0006861957808723673,1.34057556
1649,0.2025433013386646,3.21342998
1650,0.2436844059775467,3.04056932
1651,0.13323925242730184,2.03462354
1652,0.09802531936429659,3.16691276
1653,0.21441521216729598,2.5703292
1654,0.06824797699209739,3.46716046
1655,0.2634491854769294,1.76397324
1656,0.07852915632611257,2.61764613
1657,0.18694239744945662,0.98379943
1658,0.22430710818298394,0.92280989
1659,0.1669206645055965,2.52913631
1660,0.2686062834573022,2.27631455
1661,0.23306182561100286,1.44403249
1662,0.18936627940092876,2.62989103
1663,0.17501430747870472,1.54541723
1664,0.08003266342939241,4.98368071
1665,0.039972376639525464,2.99396266
1666,0.24414151677774498,0.92202412
1667,0.10502660012207343,1.13242342
1668,0.14507005680570728,1.35857324
1669,0.18540664601459866,2.39376446
1670,0.16173539526789682,1.78282194
1671,0.2891593872845988,1.72547475
1672,0.10734194217093318,3.55836297
1673,0.06627115226820024,3.67303861
1674,0.05930201393312018,3.70242786
1675,0.03171368996845558,0.98240307
1676,0.2787409855045553,2.64778755
1677,0.12148603799687407,2.65821336
1678,0.18488725407223683,1.95859269
1679,0.06280619163590018,1.00076866
1680,0.40935254247415287,1.30747925
1681,0.09587780683432356,1.00959015
1682,0.07930838258289441,2.83442661
1683,0.27539166523638414,1.54729629
1684,0.3034528800890257,1.83515504
1685,0.1278719073798129,3.51339574
1686,0.2920655082380108,1.02182175
1687,0.12838450674280466,1.85875796
1688,0.12019269805023214,1.21841187
1689,0.37699217436966137,0.39530834
1690,0.21993928407937346,1.46144246
1691,0.08747031832399443,3.58508476
1692,0.24847892633260926,0.69537903
1693,0.1669590515393793,2.98877686
1694,0.11170261632287293,3.48332277
1695,0.29016170130489627,1.6203778
1696,0.14499090073513798,0.91410319
1697,0.05019668892600748,2.44872426
1698,0.05156823855941184,0.93634991
1699,0.24710391056942171,1.64941791
1700,0.06644133366080496,3.48999966
1701,0.3350592355400295,1.50549363
1702,0.04412860767843085,2.69790239
1703,0.12784466885932488,3.52198518
1704,0.04915251088732475,3.97372136
1705,0.05043962582021777,3.72452757
1706,0.23031050550343934,2.84470237
1707,0.10520136925151746,3.47578607
1708,0.016668272619426716,1.71883414
1709,0.16787729802672402,2.94936516
1710,0.12045828237205569,2.00428902
1711,0.1565162366387085,2.37715326
1712,0.17177114728838205,1.29288697
1713,0.2332439510109907,2.33557721
1714,0.42586758722791274,2.45704991
1715,0.27613692809609347,2.35529779
1716,0.39762683194567217,1.54341142
1717,0.20218116092109994,1.71780619
1718,0.12968214652573806,2.62316506
1719,0.1582688023972878,1.96920368
1720,0.17221899082642267,3.10323311
1721,0.14906372117366118,1.92542556
1722,0.28973326912819175,1.37616495
1723,0.27721262444629247,2.11776996
1724,0.07194142901425948,1.86531876
1725,0.13956576407508692,1.40592534
1726,0.11154076282764436,2.83985059
1727,0.23232458446955206,3.73664997
1728,0.0951573447764531,4.00303526
1729,0.0366883826927733,4.51087475
1730,0.255978255354421,1.09815434
1731,0.029309467117855093,1.19828087
1732,0.20569426707652383,2.89250514
1733,0.25609350901504513,2.48193824
1734,0.10898808925048797,3.21808951
1735,0.11085488502430962,1.55729174
1736,0.03660779987967544,3.16794734
1737,0.1440251118128799,2.17282704
1738,0.05302184783431585,1.75282742
1739,0.1725509915195289,2.21913903
1740,0.22260897753767495,2.58085641
1741,0.2976020843925653,0.89950845
1742,0.3051180066449888,1.39174834
1743,0.2518364533170825,0.76432167
1744,0.3537876933478401,1.68734319
1745,0.17982423311877938,2.42364261
1746,0.20644179658120265,1.43006494
1747,0.26202971808743314,1.56410759
1748,0.13204768158175284,1.77657991
1749,0.21031215246694046,0.90672429
1750,0.21024809895607177,1.10939718
1751,0.24556184310313256,2.66437434
1752,0.055408470329894044,4.07451468
1753,0.25672907484477037,1.71337535
1754,0.09696340932350722,2.3528373
1755,0.1489424556166341,1.20466971
1756,0.13470276819589344,3.48663303
1757,0.06182186121804989,0.96887563
1758,0.19257587251559016,0.64856772
1759,0.2873216851185134,1.20564964
1760,0.05884948246603017,2.31948435
1761,0.10032490972662345,2.10171383
1762,0.12027662198306643,2.20073505
1763,0.06221980449026887,3.52758126
1764,0.20156658593805332,2.76886353
1765,0.16996009886497632,1.28217868
1766,0.280037188949791,0.84590101
1767,0.3186866591204307,0.68020558
1768,0.2741287136268511,0.74176266
1769,0.0413255114290223,2.60207567
1770,0.339124337560861,1.53833053
1771,0.07100627366071421,3.41869764
1772,0.2340535268513122,2.43656445
1773,0.25056950025827973,1.18850306
1774,0.11775422211940167,1.81973984
1775,0.18405282701678516,2.63230138
1776,0.22401548203561106,1.81126793
1777,0.38094194419954874,2.35209492
1778,0.2203335728336242,1.79977089
1779,0.10905894757797796,3.16089611
1780,0.10750263601948973,3.15316944
1781,0.3183577833169693,2.43247374
1782,0.19582781540748329,3.79387516
1783,0.06551997226779349,3.72037817
1784,0.23627932538147434,1.97849053
1785,0.06678345587260992,3.2915324
1786,0.343728817642841,1.81695191
1787,0.39964209299796494,1.67116633
1788,0.1251105660230678,0.86477473
1789,0.3760820707248058,1.12513788
1790,0.09511074420515797,4.1075044
1791,0.2021988058277202,2.78040784
1792,0.12005276949821564,1.91318775
1793,0.3487380663318618,0.91845644
1794,0.13648322226799792,0.87606709
1795,0.14392139685696748,1.61643304
1796,0.14529732190567302,0.95181141
1797,0.07737548837667418,3.20551913
1798,0.08664844217491918,4.53003577
1799,0.1912435174017446,1.78380904
1800,0.0653706206003335,3.70259617
1801,0.05424746275821235,0.98759032
1802,0.17332106423964433,3.23778841
1803,0.24057907977294235,2.78347128
1804,0.3246875491731771,1.06177678
1805,0.14282369082138757,3.2443399
1806,0.1955891836405499,1.0087679
1807,0.0924476311320177,4.10876157
1808,0.05047967979407986,0.95304784
1809,0.13207140131271444,1.69896058
1810,0.05921803809997073,3.77274301
1811,0.2032956577704681,3.74114219
1812,0.1634656051555794,3.34114148
1813,0.36698328910460987,1.45772573
1814,0.26737694660369016,2.17057426
1815,0.11247217080381233,0.87495418
1816,0.18815801435266621,1.79599752
1817,0.17121737941124593,2.65098929
1818,0.14320954167487798,1.41491698
1819,0.14959760173951508,3.33463891
1820,0.2620266606209043,1.35773142
1821,0.18930935425487405,3.1620992
1822,0.02936886755605883,4.89457834
1823,0.05787571810287773,3.70321532
1824,0.27406748251451063,2.44416194
1825,0.0939591499763992,3.43909342
1826,0.0407958495748062,4.43231176
1827,0.14751532578884508,1.20645449
1828,0.21095379955113458,2.23212241
1829,0.3349619619348232,1.5101967
1830,0.19961538718234806,2.57075951
1831,0.15494549226787058,2.30602251
1832,0.33790342965403397,0.79993106
1833,0.1686037406034302,1.58261503
1834,0.20653728132401739,2.74153155
1835,0.09165568440948846,4.03731626
1836,0.0895813809165702,3.198745
1837,0.2744337211333914,1.94272253
1838,0.1897760235806345,2.64463616
1839,0.2514453262938332,2.97843834
1840,0.04344143040270865,2.59066574
1841,0.13347338488529203,1.23049951
1842,0.3575673449631722,0.38337782
1843,0.1625076265372627,1.20096067
1844,0.3795638744486496,0.87784717
1845,0.2516955156261247,1.94333895
1846,0.07989060024556238,1.14649239
1847,0.16693072234374995,1.85720161
1848,0.12080113841875573,2.45767506
1849,0.04442434821612551,1.21084443
1850,0.21595838563371217,2.89681821
1851,0.170816517907042,2.42865984
1852,0.18609617207403062,0.74008848
1853,0.2414965296702576,2.36310822
1854,0.13865575867384905,1.82566289
1855,0.17667241336766892,3.18748394
1856,0.19350582513652625,1.80631014
1857,0.09946763802872738,4.32390627
1858,0.18698307594604557,1.49154891
1859,0.1538371394326532,2.66670836
1860,0.050159117558905564,4.05021131
1861,0.22487185833597323,1.3424037
1862,0.4183269441000448,1.87195265
1863,0.2245493922237074,1.40886055
1864,0.1631527373820063,3.40059682
1865,0.21728818542669615,2.86580485
1866,0.12057521742917743,3.79202102
1867,0.11808340078459878,1.60231703
1868,0.14849903473077575,2.0140141
1869,0.14390790127436048,3.42807444
1870,0.17621333623537794,1.85228973
1871,0.08426460747614328,2.98034679
1872,0.13641148186252394,2.61412893
1873,0.11764102926463238,1.2518756
1874,0.2892968949936403,2.94926286
1875,0.28601056768820854,1.12093117
1876,0.27713148256225395,1.24314008
1877,0.4257493669683754,1.4008703
1878,0.25915819187503075,1.95793561
1879,0.37815280298673315,0.79630141
1880,0.2612355453402415,2.02779257
1881,0.3073349363876332,2.01872875
1882,0.41968013589212205,1.30071362
1883,0.01621139516828407,1.61873136
1884,0.19119442503324535,2.76126024
1885,0.0882037979499728,0.97290547
1886,0.2605876717825595,0.92876535
1887,0.1257954884931678,1.23994563
1888,0.1253791296039708,1.49131364
1889,0.13002627274545375,1.12752315
1890,0.31172015334504977,2.35550196
1891,0.16412835593655473,2.59161724
1892,0.1482783607161764,3.5688275
1893,0.36124050612670544,1.69415922
1894,0.18772134302707855,1.97746443
1895,0.11126576277092681,1.14649892
1896,0.11725702194780752,3.72156466
1897,0.0065958710183622316,2.45012663
1898,0.29828561904650996,1.09430686
1899,0.17757301554411242,2.16406198
1900,0.06086241172397422,3.87424342
1901,0.25922709377482533,1.2751286
1902,0.013874921323804301,1.82133535
1903,0.16845140435179928,1.79932515
1904,0.20825215620789095,2.26949764
1905,0.25814072630055307,2.29506717
1906,0.025376269785510885,4.45867601
1907,0.21559723949394538,1.06618126
1908,0.07371708309619862,2.99565531
1909,0.2096922349801389,2.69771323
1910,0.22639386868831934,2.5294997
1911,0.23917872407764662,1.95261076
1912,0.11541856603798806,0.95034821
1913,0.2936192049764941,2.28913266
1914,0.18274914274115872,3.00604412
1915,0.22479141341591458,2.68301808
1916,0.18717905648372835,2.70702378
1917,0.20142733765169396,1.80823609
1918,0.02737405880679944,4.88491834
1919,0.21156955560400093,2.52021779
1920,0.10999475393873581,3.47648847
1921,0.3441235095715456,1.41627936
1922,0.04748899368678394,2.13404199
1923,0.10410608855636383,2.17227976
1924,0.15351426462984818,1.91588843
1925,0.37850576652999735,0.88261006
1926,0.2108496963592188,1.47677177
1927,0.2643855228598113,2.14902222
1928,0.44037918885805993,0.67841329
1929,0.03603264185585431,3.57963563
1930,0.07293883109923627,3.77026544
1931,0.3551018099733483,2.23975859
1932,0.2198666000731464,2.64234398
1933,0.14215490873539238,3.28829512
1934,0.35557557771880965,2.32360452
1935,0.13945895168944844,1.88928143
1936,0.48081764316521003,0.76378902
1937,0.09150170302746119,4.34842714
1938,0.3492596891373978,1.17581983
1939,0.20241391024683253,1.92018541
1940,0.21380786331064883,1.63909535
1941,0.2026335427945014,1.55386928
1942,0.04557592588753323,4.00459406
1943,0.3633279946006951,1.05386244
1944,-2.660817699506879e-07,1.99589833
1945,0.20869995443717926,1.22066391
1946,0.20218949861373403,2.14539309
1947,0.1273827792647353,1.46206066
1948,0.3904904961200373,1.09498104
1949,0.13488283268088708,1.2064467
1950,0.05859196225173946,2.19838537
1951,0.24377185371122323,1.93290645
1952,0.1723412131650548,2.14610296
1953,0.18642724282472045,0.84802964
1954,0.0843585446364159,2.43804092
1955,0.30594298871619685,2.01965691
1956,0.10662953300652589,3.73080749
1957,0.15095468105755572,1.76529214
1958,0.32400245830103813,1.68825561
1959,0.23148273630795302,2.05265328
1960,0.3742289388355857,1.11316305
1961,0.14296520738298568,3.74718543
1962,0.134203686247929,2.30907942
1963,0.02190020892157918,0.9465833
1964,0.23496758262808726,2.86094928
1965,0.37007095133049006,1.11679999
1966,0.08561433010982,1.46307974
1967,0.019832662255794276,1.50965994
1968,0.0010332618512620684,2.12235802
1969,0.2546992467932796,2.19363693
1970,0.039287384363433375,4.20512705
1971,0.04258439449586149,4.24487886
1972,0.23160072412792942,1.14410301
1973,0.0892646280954068,2.19005773
1974,0.15032438033813378,2.26650516
1975,0.18204121900453174,2.57622235
1976,0.16403550684117363,2.12831942
1977,0.22034350740796071,2.36257501
1978,0.04063697032506752,4.26020489
1979,0.20793854730982275,2.16316697
1980,0.0613741771394416,2.45007953
1981,0.2850091007712763,1.09476805
1982,0.029364635056481347,4.87829083
1983,0.22307980022105767,3.2815746
1984,0.6571832411827927,0.48194484
1985,0.15363893120593275,1.7036947
1986,0.17447791660288203,2.92889708
1987,0.28091834607039345,0.98721535
1988,0.07093855087532575,3.1803889
1989,0.15713045988377417,3.52984743
1990,0.2331237632824923,1.82611046
1991,0.2616714299983869,1.83524734
1992,0.03429498352488736,3.43076373
1993,0.3383216023667046,2.16223028
1994,0.1738616851707775,2.08888199
1995,0.23287217321467324,3.57706369
1996,0.24550261999138456,2.82963602
1997,0.07837939632736379,2.98098553
1998,0.3497431149662589,1.22646722
1999,0.18746700341580436,2.56225309
2000,0.03061998140765354,1.64585393
2001,0.24754067257163115,1.42583525
2002,0.11753770504583372,2.35926862
2003,0.24233103915321408,0.69461212
2004,0.26508326372550073,2.67154629
2005,0.12869667582890543,3.78371244
2006,0.037920100085102604,2.99214758
2007,0.01927050685026188,2.847826
2008,0.18593830329336924,2.32831419
2009,0.2320092945410579,1.98680296
2010,0.3475553484076954,1.54297587
2011,0.2826103254847112,0.47894435
2012,0.13412312895525247,0.83862798
2013,0.22428803244110895,1.44411278
2014,0.2658895438253239,1.05398251
2015,0.14924659387361316,2.19709043
2016,0.2499017937680037,1.80532344
2017,0.36381656007506535,1.00431476
2018,0.11805018866652972,1.04141132
2019,0.1412557107869361,1.69235041
2020,0.14348244665825405,3.21158757
2021,0.16087802699985332,2.11865388
2022,0.35121891208291345,1.06023426
2023,0.19498662890327978,0.87909122
2024,0.32025549021454935,1.01210908
2025,0.16606980752840172,1.28207403
2026,0.1415290531804203,1.81352422
2027,0.1414944597900103,3.21249759
2028,0.21497452441508358,2.43693872
2029,0.015022064503682486,5.24503278
2030,0.2645751944692165,1.93105209
2031,0.062268260194286995,3.48727116
2032,0.4235474072265788,1.88473863
2033,0.2632966156488692,1.81077057
2034,0.052407854182092706,0.92779518
2035,0.06977265296882251,2.30559972
2036,0.12624665198018192,1.02980804
2037,0.2567154479038436,2.80868192
2038,0.1416069707920542,1.68453439
2039,0.06671387088772462,3.86626143
2040,0.16315114455665025,1.56071944
2041,0.14099062794230122,3.55640866
2042,0.06474250290011696,3.46544662
2043,0.20455122898965783,3.38984248
2044,0.13024134314036928,1.34346415
2045,0.07477044102870423,3.09220422
2046,0.22213327334611677,3.29952948
2047,0.0614036621300329,0.96081231
2048,0.21863581234356388,1.0020971
2049,0.14017573794262717,1.56373486
2050,0.2309969373709464,2.60495654
2051,0.28588804841547244,2.7152124
2052,0.11371708897058852,1.41237725
2053,0.09468548758377437,3.49058344
2054,0.1280281882145573,3.18064569
2055,0.20991797001443047,1.64122333
2056,0.06975064574362477,3.39961435
2057,0.2916440947137744,1.49270628
2058,0.20194052396618645,2.47135237
2059,0.10692480018406059,3.01971856
2060,0.10598531456253113,3.45715901
2061,0.17925232801644597,2.38055605
2062,0.2545178425316408,0.79559459
2063,0.31260550234947004,0.57714964
2064,0.1364160072625964,1.28579192
2065,0.3250372496586351,1.29906235
2066,0.061927937385917176,1.2207533
2067,0.113388591439616,2.52787072
2068,0.39667548207034997,1.82016019
2069,0.3794048372947145,0.81711626
2070,0.2245129948732938,2.24781543
2071,0.10572942601811519,3.17661655
2072,0.07053430587347975,3.23368214
2073,0.3037149017472984,0.28336447
2074,0.2340084959359956,2.09529094
2075,0.30379686002561357,1.53195559
2076,0.2006260733196541,2.56732821
2077,0.05077311383502092,1.21272502
2078,0.02593799422356824,4.83278976
2079,0.176244177382614,1.45284221
2080,0.22105781316895445,2.08667447
2081,0.2407347473399568,2.10693862
2082,0.03594394810079393,3.13961561
2083,0.10521972129026835,2.17501689
2084,0.1459157908539055,2.09496725
2085,0.011367900951881893,0.9325563
2086,0.2633915580008761,1.04768308
2087,0.2416526057459123,2.38062614
2088,0.3965031698498933,0.62523847
2089,0.25620002817959175,0.82704097
2090,0.14643660839283257,2.80366508
2091,0.14826943066509557,0.84969292
2092,0.17638705809076782,2.06245624
2093,0.15897733714155038,0.7290875
2094,0.14923904044735536,3.58750675
2095,0.1642310239458311,3.45032412
2096,0.2949085687077968,2.06698253
2097,0.07147699004235619,3.27335048
2098,0.30282965295555186,0.25927944
2099,0.3012982921791263,1.1163113
2100,0.07121290949271497,3.38249142
2101,0.29396604814792227,2.07886903
2102,0.19276755392183986,3.51598245
2103,0.07731851217840813,4.93539033
2104,0.25542577359374263,2.54274115
2105,0.2449717594208778,0.45440004
2106,0.10627549029322836,3.30677631
2107,0.06871629004308488,3.20388475
2108,0.1956773846541182,0.57885728
2109,0.45055278189465753,1.60390299
2110,0.19623780655820156,2.53448967
2111,0.28708931868095533,1.30681234
2112,0.40064566162982373,1.16806116
2113,0.09260398757760413,3.00096078
2114,0.3284884923050413,1.93430193
2115,0.3636666782631437,3.34529184
2116,0.23446053998213756,2.06330931
2117,0.09279239750867418,1.7496039
2118,0.2730544162750448,1.81240983
2119,0.14097949751885608,1.31224186
2120,0.11674291574308882,1.040978
2121,0.04039319978119238,4.03048219
2122,0.015022217837667995,5.24454709
2123,0.17782848350179847,3.07425158
2124,0.2242436164578976,2.38951785
2125,0.06796558096539229,0.96113702
2126,0.21965630993690866,1.84260526
2127,0.2788125452298118,2.02210023
2128,0.19336769841174828,2.64346637
2129,0.23264626524905907,2.31110327
2130,0.039250703102879925,2.92448231
2131,0.2980100776767358,0.44018065
2132,0.2685714479866874,3.08740831
2133,0.1593512524777907,2.06447658
2134,0.11329024589940673,3.15248333
2135,0.16929283747231239,1.77855258
2136,0.3836031211176305,0.86085
2137,0.24217431171564385,0.90402772
2138,0.2290589485323835,3.42336181
2139,0.24473089512866864,1.63634689
2140,0.2096349383418783,2.39295961
2141,0.0644080272741121,2.55499091
2142,0.34290805384443956,0.65465428
2143,0.2648302616580622,1.03104
2144,0.13204607324951212,1.77666519
2145,0.11125977058782155,4.37496977
2146,0.3011871879971295,0.87478575
2147,0.0737137597752735,2.99790795
2148,0.09570837844876223,1.08768428
2149,0.2634530998784612,2.72734899
2150,0.024502888991264626,1.28329215
2151,0.1008341233136889,3.52730564
2152,0.18010335148574086,2.57948592
2153,0.20430552707694005,0.58902058
2154,0.09508259810900199,3.63426705
2155,0.28964577615624876,1.42654605
2156,0.06931476706540707,3.2921975
2157,0.25542615831454896,2.5472072
2158,0.23603603585797828,1.88502149
2159,0.2071523785343743,0.47032024
2160,0.22457248713180888,1.83788435
2161,0.12846944880948286,1.21380875
2162,0.15704765331975068,3.41194053
2163,0.02089641293423483,1.72656762
2164,0.0063456585212406935,2.38621357
2165,0.12549798652798927,1.991791
2166,0.16680411986271793,3.47159471
2167,0.23734221910672204,2.33111429
2168,0.3852860834194871,1.45133853
2169,0.17235706118299277,2.8583359
2170,0.28015449046506546,1.77817917
2171,0.3949127245323325,1.13838135
2172,0.2668956234356301,3.1617947
2173,0.1500967162883171,2.00293714
2174,0.26880726144099754,2.8815927
2175,0.23094841204510885,1.2465194
2176,0.24414770033217792,2.1301927
2177,0.10160153986362275,1.22527778
2178,0.24349925477054057,2.76385049
2179,0.1816191854072713,2.53312601
2180,0.3192952197332488,1.27377342
2181,0.2500078437697084,1.96279875
2182,0.11758918099985749,1.5819066
2183,0.19901255945114826,2.69358044
2184,0.0807931306098908,2.9534464
2185,0.3564621704208548,0.66086382
2186,0.025683055891931872,4.87531427
2187,0.1702175549871754,1.50724716
2188,0.10977593516145134,1.46216312
2190,0.18988098676345544,1.84708035
2191,0.1758971146955446,1.90457376
2192,0.07499333337818825,3.19976084
2193,0.08953556151936937,2.62111786
2194,0.110244850111485,1.69809875
2195,0.15758113291667541,0.85656412
2196,0.11248254246311262,0.92323163
2197,0.11964548468313296,2.90699312
2198,0.2642187650053529,0.90509358
2199,0.22273395998126944,2.0735883
2200,0.21689799331397808,2.65603737
2201,0.25152627185889287,1.93523231
2202,0.3244299463176503,1.78808239
2203,0.44737362273735926,1.19344156
2204,0.1041562978980437,3.44362847
2205,0.016994108627841342,1.26485471
2206,0.3467632507181406,1.61442398
2207,0.31071075976797147,0.95396131
2208,0.1171362777313334,0.98182573
2209,0.41203572406629974,2.32077452
2210,0.23539907545455208,1.87168231
2211,0.371389405336231,0.71154178
2212,0.055792646639929444,2.96494672
2213,0.33575293024114217,0.75665527
2214,0.34345314128586324,0.35203719
2215,0.12378495835946524,1.17312768
2216,0.2228265106350591,1.07191566
2217,0.1896550581068368,1.66248158
2218,0.10669245857570786,4.08813166
2219,0.342561677566664,2.53493149
2220,0.17913929495080083,2.04428909
2221,0.18276502284606977,2.66636864
2222,0.10122327386397956,4.26303927
2223,0.15309306409108103,1.55089693
2224,0.1993463579674426,1.29308715
2225,0.3459763879800448,0.93049777
2226,0.022995995641394984,1.57876769
2227,0.05115890892739117,2.43373685
2228,0.09520392404738232,1.08012608
2229,0.04649376427551033,1.30350534
2230,0.21312250479240902,2.2697089
2231,0.1012853701467975,1.97923527
2232,0.28138203828802943,2.27362435
2233,0.1433858751624939,3.8697612
2234,0.21711641174988472,2.73918804
2235,0.27174905364518054,0.92900351
2236,0.057263275889454235,3.8989978
2237,0.19170444719748048,3.03811483
2238,0.06852282588624803,3.78344443
2239,0.17291105622007308,3.32366644
2240,0.20531000612209027,2.37050473
2241,0.4231256452840171,1.93741273
2242,0.2637660406981013,1.56486043
2243,0.2970143241873302,1.73417663
2244,0.24546586029828177,1.85135782
2245,0.10233799190245918,2.35088357
2246,0.27471710945974337,1.68940059
2247,0.16565684722081642,1.2221499
2248,0.004878498093603412,2.1926629
2249,0.3493122175859753,1.1996675
2250,0.27873363991602673,0.85699514
2251,0.03320583282402367,0.95941176
2252,0.15149709321576665,3.6602788
2253,0.21516038178560848,2.20161609
2254,0.21605415302474285,1.05539723
2255,0.044776668182748836,1.00791699
2256,0.018996441449417034,1.30237432
2257,0.03320644716950483,0.95957919
2258,0.1212276991464023,1.2015401
2259,0.1530670263673528,2.36563489
2260,0.08845572195241402,1.64735227
2261,0.26137971191928955,0.90787326
2262,0.04149206433794461,0.91062568
2263,0.2813050686108909,2.08969153
2264,0.04060972245497396,0.89779333
2265,0.13858963608981867,2.10701061
2266,0.3036418969350052,1.30636257
2267,0.002910795087700535,3.18576171
2268,0.40337157553040015,2.56126478
2269,0.30790941758823465,1.87424936
2270,0.12085306962035247,2.11518169
2271,0.08827639643186558,3.12267291
2272,0.015018369506378804,5.24519116
2273,0.4520956402848242,1.92854275
2274,0.31623592680261936,1.89516437
2275,0.21577710424935503,2.68590548
2276,0.34282366194929637,3.11596573
2277,0.14431166018766817,1.20550672
2278,0.09197859300456912,3.35072854
2279,0.1818270627700258,2.80924226
2280,0.13794938065075257,2.36571535
2281,0.35456874285955564,1.16904258
2282,0.20428059990990732,1.78170376
2283,0.2324018325725774,3.08587166
2284,0.016728140999475727,1.25422341
2285,0.1473711692233337,1.93148891
2286,0.21127667997461685,2.10312829
2287,0.057819133826342295,2.04468251
2288,0.09413979278178886,2.6898308
2289,0.14257549573812867,0.84072925
2290,0.25287799715442816,0.68621392
2291,0.08504095686475921,4.54181074
2292,0.13662388055308838,1.30423329
2293,0.12218630718962231,2.45201402
2294,0.10226033310573257,3.09766823
2295,0.2338856996357208,1.29188273
2296,0.22605688296607696,1.83301835
2297,0.04379358108963061,2.07263777
2298,0.20026346591293986,3.13836463
2299,0.25584555035493395,2.59383966
2300,0.1342858233692823,1.57390837
2301,0.19819487257336732,1.46720101
2302,0.01952715176230413,1.33879472
2303,0.005351195268303854,1.40118044
2304,0.2217609106173768,2.71350897
2305,0.2705074771620275,0.37169514
2306,0.23976845248398604,1.37788542
2307,0.22864524692522536,2.15357615
2308,0.24166261031496106,1.1180623
2309,0.08162594147506752,1.15791216
2310,0.2098376519006706,2.38209662
2311,0.12491673321619601,3.5812826
2312,0.12060337719503877,4.23856013
2313,0.10332208456020453,3.02747545
2314,0.02190191673435038,0.94662183
2315,0.05574099532623222,4.17865834
2316,0.37068507308504195,0.87639989
2317,0.06260445468797116,1.08023466
2318,0.14293578335127677,2.00029723
2320,0.10347606143113808,3.01467961
2321,0.35700848923625017,1.29840658
2322,0.3420327592539252,1.43984234
2323,0.0726931469853298,2.81392824
2324,0.38100528156064684,0.25726549
2325,0.201114379306091,2.28192555
2326,0.2502530456331442,1.2706892
2327,0.3753393222723389,1.12140247
2328,0.08921289636418805,4.22142199
2329,0.14289095286585507,1.92829115
2330,0.35244487638919964,0.51460738
2331,0.2705929450530675,1.22988986
2332,0.2805730063300871,1.17275431
2333,0.37628718328051036,0.49691578
2334,0.1139656660188848,3.39184153
2335,0.2813408696601982,1.31598221
2336,0.03704350394400535,3.53854255
2337,0.2719365661141637,1.44384455
2338,0.004883883102593245,2.19171501
2339,0.3776191400720563,1.05876158
2340,0.17132100956587237,2.21268942
2341,0.3265825443486392,0.47442392
2342,0.11210848646442173,2.21544227
2343,0.08769843339905492,2.27595943
2344,0.19914289580810873,2.15561178
2345,0.05922778755575564,3.84646618
2346,0.08916468745610473,3.83623904
2347,0.1601374934125488,1.80636345
2348,0.2988729098433396,0.89845572
2349,0.1408402637935069,1.19861798
2350,0.2637591205711942,1.76333769
2351,0.23942312996950932,3.19251969
2352,0.2932395505376917,2.25280679
2353,0.06715744381153854,4.37299087
2354,0.10783743930460332,3.78256543
2355,0.10102953373461787,3.8734768
2356,0.08670045302551443,4.15684958
2357,0.2215313286365017,3.83207244
2358,0.18540956312790513,3.09639887
2359,0.0802286389512119,4.82227598
2360,0.1399989760147946,2.24443489
2361,0.0686227453252286,3.45922257
2362,0.26138409143186436,2.45279713
2363,0.26099707723915344,0.85909008
2364,0.15712106123373815,2.99785768
2365,0.08357894122582366,2.37686263
2366,0.08964647362518008,1.06588103
2367,0.053208880331112596,4.19105467
2368,0.22193101342054433,1.53837867
2369,0.22432587212279032,2.06392928
2371,0.4626940518119227,1.82533043
2372,0.2158638947844338,4.1785257
2373,0.20022976191285125,3.16859422
2374,0.3017885086092065,1.93231206
2375,0.22144097957152553,3.09506699
2376,0.13152627609088086,1.33257259
2377,0.24841384491082863,1.53957171
2378,0.04203297782623849,4.21235796
2379,0.1599679854734859,1.04957672
2380,0.3875682591024088,1.01585819
2381,0.20499563857811154,2.29163536
2382,0.3706656219037541,0.52660622
2383,0.08864887951858691,0.95674767
2384,0.19553233030819683,2.6513295
2385,0.06827437254287361,3.32437031
2386,0.3710503013235211,3.15378902
2387,0.13401416445049108,3.68360479
2388,0.13673928327989415,1.32194121
2389,0.06737717393662024,3.03233658
2390,0.3306235229865706,2.302852
2391,0.18577863495011115,1.71534269
2392,0.3002413835383777,0.75206652
2393,0.20197163647026173,1.67278628
2394,0.12696189175130712,3.02811738
2395,0.25764422695829126,2.77092009
2396,0.038147850195855426,3.73486263
2397,0.06704749699110835,3.49152423
2398,0.09064708289315604,3.27496889
2399,0.2565844690616359,1.39153502
2400,0.1134782273561541,4.21068681
